id_artigo,Secao,Substantivo,Nome Próprio,Verbo,Adjetivo,Advérbio,Conectivo,Preposição,Outros,Total_Citacoes
artigo_001,Introdução,85,5,17,33,5,0,5,115,5
artigo_001,Materiais e Métodos,41,1,6,11,2,0,3,67,0
artigo_001,Resultados e Discussão,110,1,44,35,13,5,6,146,1
artigo_001,Conclusão,23,0,11,8,3,0,0,28,0
artigo_001,Agradecimentos,12,0,2,2,0,0,0,11,0
artigo_001,Referências,25,4,3,8,0,0,2,76,0
artigo_002,Introdução,45,3,17,19,3,0,5,74,4
artigo_002,Materiais e Métodos,27,0,1,1,0,1,1,48,0
artigo_002,Resultados e Discussão,57,16,10,11,1,2,0,72,7
artigo_002,Conclusão,45,4,16,24,1,1,4,54,1
artigo_002,Agradecimentos,5,0,0,1,0,0,0,7,0
artigo_002,Referências,59,11,3,17,0,0,4,162,0
artigo_003,Introdução,42,1,15,17,7,6,5,91,3
artigo_003,Materiais e Métodos,25,0,5,11,2,1,2,60,2
artigo_003,Resultados e Discussão,46,1,15,16,5,2,4,80,3
artigo_003,Conclusão,15,0,5,6,0,0,2,15,0
artigo_003,Agradecimentos,0,0,0,0,0,0,0,0,0
artigo_003,Referências,142,4,49,36,6,1,2,217,2
artigo_004,Introdução,119,6,30,44,7,1,3,127,3
artigo_004,Materiais e Métodos,41,0,12,5,1,0,1,48,1
artigo_004,Resultados e Discussão,115,2,26,27,11,2,7,126,1
artigo_004,Conclusão,41,0,13,11,4,0,1,47,0
artigo_004,Agradecimentos,4,0,0,1,0,0,0,4,0
artigo_004,Referências,37,8,2,19,0,0,0,50,0
artigo_005,Introdução,7,0,3,2,0,0,1,10,0
artigo_005,Materiais e Métodos,83,0,24,18,10,1,1,80,1
artigo_005,Resultados e Discussão,294,1,109,70,30,4,11,302,4
artigo_005,Conclusão,17,0,9,6,2,0,2,19,0
artigo_005,Agradecimentos,0,0,0,0,0,0,0,0,0
artigo_005,Referências,49,2,1,10,0,0,0,50,0
artigo_006,Introdução,58,2,19,10,5,3,5,82,3
artigo_006,Materiais e Métodos,51,2,3,8,7,2,2,83,1
artigo_006,Resultados e Discussão,69,2,20,18,6,1,1,70,1
artigo_006,Conclusão,63,0,20,16,12,3,1,102,1
artigo_006,Agradecimentos,0,0,0,0,0,0,0,0,0
artigo_006,Referências,37,3,2,10,0,0,0,38,0
artigo_007,Introdução,63,1,40,6,2,2,4,67,2
artigo_007,Materiais e Métodos,31,1,7,3,1,0,4,28,1
artigo_007,Resultados e Discussão,32,1,8,3,1,0,4,29,2
artigo_007,Conclusão,195,4,80,38,26,8,14,212,0
artigo_007,Agradecimentos,0,0,0,0,0,0,0,0,0
artigo_007,Referências,13,0,3,0,0,0,0,23,0
artigo_008,Introdução,16,2,9,1,2,1,0,34,3
artigo_008,Materiais e Métodos,29,0,6,1,3,0,1,85,0
artigo_008,Resultados e Discussão,12,1,5,4,1,2,1,37,0
artigo_008,Conclusão,17,0,9,2,2,1,0,43,0
artigo_008,Agradecimentos,0,0,0,0,0,0,0,0,0
artigo_008,Referências,135,10,47,44,21,4,5,367,8
artigo_009,Introdução,44,0,27,16,5,0,4,84,4
artigo_009,Materiais e Métodos,23,0,5,3,0,0,2,51,0
artigo_009,Resultados e Discussão,69,0,37,17,22,0,3,100,1
artigo_009,Conclusão,13,0,3,0,3,0,1,17,0
artigo_009,Agradecimentos,0,0,0,0,0,0,0,0,0
artigo_009,Referências,25,3,5,12,0,0,1,48,1
artigo_010,Introdução,58,4,15,16,9,3,2,86,0
artigo_010,Materiais e Métodos,56,3,8,13,1,0,0,65,1
artigo_010,Resultados e Discussão,38,0,12,21,4,1,3,61,0
artigo_010,Conclusão,18,0,8,6,3,0,1,34,0
artigo_010,Agradecimentos,3,0,0,1,0,0,0,17,0
artigo_010,Referências,15,9,1,8,0,0,0,60,3
artigo_011,Introdução,35,1,11,17,4,0,1,44,3
artigo_011,Materiais e Métodos,18,0,2,8,0,0,2,28,0
artigo_011,Resultados e Discussão,96,1,17,15,2,2,6,180,0
artigo_011,Conclusão,13,0,1,3,0,0,1,16,0
artigo_011,Agradecimentos,10,0,0,1,0,0,0,26,0
artigo_011,Referências,54,5,0,9,0,0,0,103,1
artigo_012,Introdução,64,4,16,20,6,0,0,86,4
artigo_012,Materiais e Métodos,53,1,4,10,2,0,2,92,1
artigo_012,Resultados e Discussão,83,1,24,18,14,5,7,122,4
artigo_012,Conclusão,12,0,3,3,2,0,1,17,0
artigo_012,Agradecimentos,10,0,0,1,0,0,0,18,0
artigo_012,Referências,78,6,2,14,3,0,0,134,2
artigo_013,Introdução,40,2,7,11,3,0,4,40,1
artigo_013,Materiais e Métodos,25,0,13,15,4,2,3,69,0
artigo_013,Resultados e Discussão,204,0,64,48,23,11,11,187,1
artigo_013,Conclusão,17,0,6,7,1,1,0,17,0
artigo_013,Agradecimentos,0,0,0,0,0,0,0,0,0
artigo_013,Referências,14,2,1,4,0,0,0,32,0
artigo_014,Introdução,47,3,14,12,3,3,5,51,3
artigo_014,Materiais e Métodos,43,1,10,9,0,0,1,43,0
artigo_014,Resultados e Discussão,160,1,33,52,6,6,6,167,0
artigo_014,Conclusão,34,0,11,12,0,0,3,37,0
artigo_014,Agradecimentos,0,0,0,0,0,0,0,0,0
artigo_014,Referências,89,14,2,22,0,0,0,129,0
artigo_015,Introdução,49,1,22,9,5,4,3,61,3
artigo_015,Materiais e Métodos,83,1,10,20,4,0,2,92,1
artigo_015,Resultados e Discussão,125,1,31,27,14,0,7,151,1
artigo_015,Conclusão,4,0,1,1,3,0,1,9,0
artigo_015,Agradecimentos,7,0,0,3,0,0,0,5,0
artigo_015,Referências,57,5,2,16,2,0,0,118,1
artigo_016,Introdução,30,2,18,16,3,3,3,39,3
artigo_016,Materiais e Métodos,87,5,17,22,4,3,5,154,3
artigo_016,Resultados e Discussão,71,3,28,18,8,1,2,97,0
artigo_016,Conclusão,21,1,10,12,3,1,1,38,0
artigo_016,Agradecimentos,18,0,0,6,1,0,0,11,0
artigo_016,Referências,27,1,1,11,0,0,0,79,2
artigo_017,Introdução,35,0,15,13,0,0,0,62,0
artigo_017,Materiais e Métodos,21,1,1,3,2,0,2,41,0
artigo_017,Resultados e Discussão,119,2,42,30,11,1,4,161,1
artigo_017,Conclusão,10,0,4,6,0,0,0,9,0
artigo_017,Agradecimentos,2,0,0,0,0,0,0,14,0
artigo_017,Referências,50,9,1,10,0,0,0,118,1
artigo_018,Introdução,51,3,14,15,2,0,3,54,3
artigo_018,Materiais e Métodos,86,0,15,16,3,0,1,118,0
artigo_018,Resultados e Discussão,61,1,19,16,5,0,2,78,1
artigo_018,Conclusão,8,0,3,4,0,0,0,22,0
artigo_018,Agradecimentos,8,0,0,1,0,0,0,15,0
artigo_018,Referências,47,9,1,10,0,0,1,125,1
artigo_019,Introdução,30,2,9,6,1,0,0,38,4
artigo_019,Materiais e Métodos,54,1,6,11,2,0,2,95,1
artigo_019,Resultados e Discussão,116,5,18,21,6,0,7,168,5
artigo_019,Conclusão,17,0,4,2,0,0,0,34,0
artigo_019,Agradecimentos,7,0,0,0,0,0,0,13,0
artigo_019,Referências,66,9,4,10,1,0,1,170,2
artigo_020,Introdução,40,2,20,15,3,1,3,63,2
artigo_020,Materiais e Métodos,23,1,1,3,1,0,1,25,0
artigo_020,Resultados e Discussão,121,4,32,24,6,0,5,138,4
artigo_020,Conclusão,3,0,2,3,2,0,0,10,0
artigo_020,Agradecimentos,5,0,0,2,0,0,0,3,0
artigo_020,Referências,33,3,1,7,0,0,0,51,0
artigo_021,Introdução,46,2,10,11,5,0,4,63,1
artigo_021,Materiais e Métodos,56,0,14,7,2,0,2,62,0
artigo_021,Resultados e Discussão,111,4,51,28,12,3,5,117,4
artigo_021,Conclusão,31,0,5,6,3,1,2,18,0
artigo_021,Agradecimentos,0,0,0,0,0,0,0,0,0
artigo_021,Referências,59,10,1,15,0,0,4,92,0
artigo_022,Introdução,100,0,41,36,15,1,5,211,2
artigo_022,Materiais e Métodos,117,0,41,38,15,1,5,230,2
artigo_022,Resultados e Discussão,96,1,37,40,12,2,2,130,1
artigo_022,Conclusão,7,0,9,3,3,0,0,17,0
artigo_022,Agradecimentos,12,1,4,3,0,0,0,16,0
artigo_022,Referências,41,1,3,9,0,0,1,53,0
artigo_023,Introdução,139,0,34,25,8,1,12,143,0
artigo_023,Materiais e Métodos,46,0,13,12,1,0,1,61,0
artigo_023,Resultados e Discussão,163,0,76,45,21,6,12,224,0
artigo_023,Conclusão,27,0,4,7,2,0,0,35,0
artigo_023,Agradecimentos,4,0,0,1,0,0,0,10,0
artigo_023,Referências,30,3,0,14,1,0,0,51,2
artigo_024,Introdução,110,3,24,46,4,2,1,158,3
artigo_024,Materiais e Métodos,0,0,0,0,0,0,0,0,0
artigo_024,Resultados e Discussão,35,0,1,17,0,0,1,27,0
artigo_024,Conclusão,54,3,1,22,0,0,1,71,0
artigo_024,Agradecimentos,4,0,0,3,0,0,0,6,0
artigo_024,Referências,72,3,4,29,0,0,1,86,0
artigo_025,Introdução,30,0,19,11,4,1,2,59,3
artigo_025,Materiais e Métodos,24,1,7,7,0,2,2,28,3
artigo_025,Resultados e Discussão,152,1,52,38,8,7,11,197,6
artigo_025,Conclusão,18,1,11,5,2,0,1,38,2
artigo_025,Agradecimentos,0,0,0,0,0,0,0,0,0
artigo_025,Referências,81,3,2,15,1,0,2,110,1
artigo_026,Introdução,112,2,63,40,8,2,7,193,5
artigo_026,Materiais e Métodos,20,0,5,1,0,0,1,28,0
artigo_026,Resultados e Discussão,58,0,23,5,4,1,6,122,2
artigo_026,Conclusão,13,0,14,4,2,0,1,21,1
artigo_026,Agradecimentos,4,0,0,0,0,0,0,2,0
artigo_026,Referências,29,10,1,13,0,0,2,88,0
artigo_027,Introdução,31,2,9,13,5,0,7,44,1
artigo_027,Materiais e Métodos,47,3,6,5,9,0,5,96,4
artigo_027,Resultados e Discussão,74,3,22,14,6,1,10,52,2
artigo_027,Conclusão,6,1,2,1,1,0,2,9,0
artigo_027,Agradecimentos,0,0,0,0,0,0,0,0,0
artigo_027,Referências,57,15,5,11,2,0,3,100,1
artigo_028,Introdução,58,2,17,14,6,1,2,37,3
artigo_028,Materiais e Métodos,24,1,8,6,2,0,4,51,2
artigo_028,Resultados e Discussão,112,3,44,26,16,6,9,143,4
artigo_028,Conclusão,7,0,3,1,2,0,0,7,0
artigo_028,Agradecimentos,0,0,0,0,0,0,0,0,0
artigo_028,Referências,55,7,3,8,1,0,1,70,0
artigo_029,Introdução,59,2,13,21,2,4,2,51,2
artigo_029,Materiais e Métodos,24,1,8,6,2,0,4,51,2
artigo_029,Resultados e Discussão,74,2,26,13,0,1,3,51,3
artigo_029,Conclusão,92,9,4,17,2,0,1,99,0
artigo_029,Agradecimentos,0,0,0,0,0,0,0,0,0
artigo_029,Referências,0,0,0,0,0,0,0,0,0
artigo_030,Introdução,53,0,9,20,2,1,4,63,0
artigo_030,Materiais e Métodos,49,0,15,8,2,1,6,76,3
artigo_030,Resultados e Discussão,188,4,76,36,17,3,9,188,2
artigo_030,Conclusão,26,0,10,13,0,1,1,23,0
artigo_030,Agradecimentos,9,0,0,2,0,0,0,12,0
artigo_030,Referências,30,2,2,8,0,0,0,57,0
artigo_031,Introdução,56,1,10,17,3,2,2,86,1
artigo_031,Materiais e Métodos,66,0,22,24,6,1,6,107,2
artigo_031,Resultados e Discussão,10,0,3,6,1,0,0,16,0
artigo_031,Conclusão,46,1,16,19,5,1,3,77,0
artigo_031,Agradecimentos,0,0,0,0,0,0,0,0,0
artigo_031,Referências,201,4,56,60,13,2,14,325,4
artigo_032,Introdução,48,2,13,14,6,2,6,80,3
artigo_032,Materiais e Métodos,53,0,5,16,1,2,5,54,1
artigo_032,Resultados e Discussão,37,2,11,18,2,2,3,83,4
artigo_032,Conclusão,2,0,0,1,0,0,0,7,0
artigo_032,Agradecimentos,0,0,0,0,0,0,0,0,0
artigo_032,Referências,86,5,1,27,2,0,1,181,3
artigo_033,Introdução,18,1,11,3,1,0,1,34,2
artigo_033,Materiais e Métodos,25,0,3,4,0,0,0,52,0
artigo_033,Resultados e Discussão,92,1,43,20,11,1,1,156,1
artigo_033,Conclusão,10,0,7,3,1,1,0,20,0
artigo_033,Agradecimentos,14,0,3,2,0,0,1,14,0
artigo_033,Referências,32,4,2,5,3,0,0,70,2
artigo_034,Introdução,38,4,14,11,5,2,4,37,4
artigo_034,Materiais e Métodos,26,0,4,5,2,0,2,53,0
artigo_034,Resultados e Discussão,96,2,47,16,14,1,6,141,1
artigo_034,Conclusão,37,0,14,8,4,2,1,51,0
artigo_034,Agradecimentos,0,0,0,0,0,0,0,0,0
artigo_034,Referências,29,9,5,9,4,0,0,44,2
artigo_035,Introdução,37,2,11,14,5,0,3,55,3
artigo_035,Materiais e Métodos,37,0,5,8,2,0,1,57,2
artigo_035,Resultados e Discussão,24,3,15,5,1,0,1,161,3
artigo_035,Conclusão,16,0,6,2,3,1,1,17,0
artigo_035,Agradecimentos,4,0,0,1,0,0,0,6,0
artigo_035,Referências,63,6,0,13,0,0,0,97,2
artigo_036,Introdução,42,4,6,15,5,1,1,48,4
artigo_036,Materiais e Métodos,55,0,6,17,0,0,2,81,1
artigo_036,Resultados e Discussão,46,3,14,20,4,5,1,63,3
artigo_036,Conclusão,8,0,3,5,0,0,0,5,0
artigo_036,Agradecimentos,6,0,0,1,0,0,0,6,0
artigo_036,Referências,36,16,1,6,1,0,0,137,0
artigo_037,Introdução,75,5,28,11,7,4,4,78,6
artigo_037,Materiais e Métodos,111,0,18,11,4,0,6,116,1
artigo_037,Resultados e Discussão,127,1,39,27,12,1,2,109,1
artigo_037,Conclusão,9,0,6,6,2,0,0,11,0
artigo_037,Agradecimentos,0,0,0,0,0,0,0,0,0
artigo_037,Referências,101,11,4,14,1,0,1,104,2
artigo_038,Introdução,61,6,13,21,4,2,3,55,6
artigo_038,Materiais e Métodos,21,1,2,6,0,0,1,30,2
artigo_038,Resultados e Discussão,64,2,28,27,2,2,5,91,5
artigo_038,Conclusão,10,1,1,5,1,0,0,10,0
artigo_038,Agradecimentos,0,0,0,0,0,0,0,0,0
artigo_038,Referências,88,10,0,21,0,0,1,93,3
artigo_039,Introdução,66,5,15,19,5,1,5,76,5
artigo_039,Materiais e Métodos,53,2,10,7,2,0,2,95,3
artigo_039,Resultados e Discussão,36,2,17,10,6,1,2,49,2
artigo_039,Conclusão,6,0,3,3,2,0,1,8,0
artigo_039,Agradecimentos,6,0,0,1,0,0,0,4,0
artigo_039,Referências,56,13,0,14,0,0,5,122,2
artigo_040,Introdução,34,6,19,20,3,1,3,92,7
artigo_040,Materiais e Métodos,23,0,2,6,1,0,1,33,0
artigo_040,Resultados e Discussão,70,2,35,22,5,5,3,138,5
artigo_040,Conclusão,3,0,3,3,0,1,0,17,0
artigo_040,Agradecimentos,1,0,2,0,0,0,0,6,0
artigo_040,Referências,81,11,5,28,1,0,0,163,3
artigo_041,Introdução,44,1,15,11,1,0,0,53,2
artigo_041,Materiais e Métodos,104,0,10,9,4,0,3,112,0
artigo_041,Resultados e Discussão,38,2,14,10,6,1,1,47,2
artigo_041,Conclusão,6,0,4,3,0,2,0,12,0
artigo_041,Agradecimentos,0,0,0,0,0,0,0,0,0
artigo_041,Referências,34,5,0,12,0,0,1,78,3
artigo_042,Introdução,37,3,7,11,2,0,2,43,3
artigo_042,Materiais e Métodos,24,0,4,7,3,0,1,37,0
artigo_042,Resultados e Discussão,152,0,41,25,12,1,5,223,0
artigo_042,Conclusão,48,0,23,12,9,3,4,110,0
artigo_042,Agradecimentos,0,0,0,0,0,0,0,0,0
artigo_042,Referências,293,2,43,81,3,0,17,322,2
artigo_043,Introdução,34,0,7,5,2,0,2,22,1
artigo_043,Materiais e Métodos,51,0,27,4,1,2,2,128,0
artigo_043,Resultados e Discussão,66,1,22,10,3,2,2,75,0
artigo_043,Conclusão,15,1,4,0,0,0,0,24,0
artigo_043,Agradecimentos,13,1,3,2,3,0,1,15,0
artigo_043,Referências,34,7,3,4,0,0,0,32,3
artigo_044,Introdução,64,3,21,17,6,0,2,68,4
artigo_044,Materiais e Métodos,64,0,24,15,7,0,2,85,0
artigo_044,Resultados e Discussão,87,0,32,21,10,4,3,106,1
artigo_044,Conclusão,18,0,8,8,3,0,0,15,0
artigo_044,Agradecimentos,8,0,1,1,0,0,0,13,0
artigo_044,Referências,33,1,0,9,0,0,1,41,1
artigo_045,Introdução,43,1,23,10,6,1,3,62,3
artigo_045,Materiais e Métodos,244,1,102,48,33,7,15,293,12
artigo_045,Resultados e Discussão,42,0,23,5,6,1,1,25,0
artigo_045,Conclusão,43,0,23,10,8,2,0,54,0
artigo_045,Agradecimentos,0,0,0,0,0,0,0,0,0
artigo_045,Referências,41,2,1,16,0,0,1,69,0
artigo_046,Introdução,39,1,15,10,1,0,3,54,2
artigo_046,Materiais e Métodos,41,3,3,5,3,0,2,51,1
artigo_046,Resultados e Discussão,93,11,24,14,8,3,4,119,4
artigo_046,Conclusão,16,0,9,3,1,0,0,28,0
artigo_046,Agradecimentos,0,0,0,0,0,0,0,0,0
artigo_046,Referências,73,14,5,21,0,0,2,138,3
artigo_047,Introdução,39,2,16,10,2,1,2,59,5
artigo_047,Materiais e Métodos,46,4,5,11,3,0,3,100,0
artigo_047,Resultados e Discussão,48,1,13,8,5,2,3,58,2
artigo_047,Conclusão,6,0,4,4,2,0,0,12,0
artigo_047,Agradecimentos,6,0,0,4,0,0,0,4,0
artigo_047,Referências,67,1,1,19,0,0,1,120,3
artigo_048,Introdução,44,3,9,12,2,0,1,51,1
artigo_048,Materiais e Métodos,37,0,7,3,2,0,0,82,0
artigo_048,Resultados e Discussão,40,1,16,4,2,3,3,80,2
artigo_048,Conclusão,18,0,2,3,1,0,0,22,0
artigo_048,Agradecimentos,4,0,0,2,0,0,0,7,0
artigo_048,Referências,47,19,6,8,0,0,0,145,2
artigo_049,Introdução,39,0,8,14,4,0,2,71,2
artigo_049,Materiais e Métodos,31,0,12,5,2,1,3,48,0
artigo_049,Resultados e Discussão,73,5,28,16,10,6,7,146,6
artigo_049,Conclusão,39,0,15,5,4,0,1,57,0
artigo_049,Agradecimentos,0,0,0,0,0,0,0,0,0
artigo_049,Referências,27,17,6,7,0,0,0,127,2
artigo_050,Introdução,41,0,19,17,2,0,5,63,3
artigo_050,Materiais e Métodos,78,0,24,17,9,2,9,88,1
artigo_050,Resultados e Discussão,89,0,30,16,12,1,10,112,2
artigo_050,Conclusão,27,0,14,13,3,0,2,41,0
artigo_050,Agradecimentos,10,0,1,2,0,0,1,8,0
artigo_050,Referências,281,1,85,69,26,3,27,358,7
artigo_051,Introdução,1,0,2,0,0,0,0,0,0
artigo_051,Materiais e Métodos,26,0,10,8,0,0,5,51,0
artigo_051,Resultados e Discussão,127,1,37,46,5,3,22,191,2
artigo_051,Conclusão,24,0,4,6,4,0,0,39,0
artigo_051,Agradecimentos,7,0,2,1,1,0,0,8,0
artigo_051,Referências,41,1,4,14,1,0,1,47,2
artigo_052,Introdução,5,0,2,1,0,0,0,4,0
artigo_052,Materiais e Métodos,126,4,67,34,6,1,6,144,5
artigo_052,Resultados e Discussão,30,0,15,11,5,4,2,29,0
artigo_052,Conclusão,13,0,9,5,0,3,0,13,0
artigo_052,Agradecimentos,0,0,0,0,0,0,0,0,0
artigo_052,Referências,65,4,3,21,0,0,1,80,2
artigo_053,Introdução,79,1,25,21,10,1,5,55,3
artigo_053,Materiais e Métodos,26,0,5,6,0,0,2,30,0
artigo_053,Resultados e Discussão,139,0,49,33,20,1,16,151,0
artigo_053,Conclusão,36,0,12,14,6,0,1,27,0
artigo_053,Agradecimentos,0,0,0,0,0,0,0,0,0
artigo_053,Referências,53,4,2,10,0,0,1,30,0
artigo_054,Introdução,41,1,11,5,2,0,2,44,2
artigo_054,Materiais e Métodos,56,0,21,6,3,0,1,77,0
artigo_054,Resultados e Discussão,67,0,52,12,10,2,1,111,0
artigo_054,Conclusão,18,0,7,4,1,0,2,20,0
artigo_054,Agradecimentos,12,0,2,6,1,0,0,17,0
artigo_054,Referências,32,1,3,12,5,0,0,35,3
artigo_055,Introdução,48,0,18,13,2,1,3,51,1
artigo_055,Materiais e Métodos,45,5,10,5,3,0,1,71,1
artigo_055,Resultados e Discussão,89,1,18,29,6,2,4,116,0
artigo_055,Conclusão,119,1,32,36,11,4,4,156,0
artigo_055,Agradecimentos,6,0,0,1,0,0,0,8,0
artigo_055,Referências,105,7,28,23,0,0,1,136,1
artigo_056,Introdução,75,0,18,33,6,1,0,79,1
artigo_056,Materiais e Métodos,28,0,10,6,0,1,0,29,2
artigo_056,Resultados e Discussão,122,0,32,24,11,2,0,119,3
artigo_056,Conclusão,48,0,26,12,5,2,3,53,1
artigo_056,Agradecimentos,9,0,1,3,1,0,0,16,0
artigo_056,Referências,27,0,0,4,0,0,1,53,0
artigo_057,Introdução,48,2,12,7,5,2,4,49,4
artigo_057,Materiais e Métodos,50,0,4,10,3,0,6,71,3
artigo_057,Resultados e Discussão,57,0,11,9,7,2,5,41,0
artigo_057,Conclusão,10,0,1,4,0,0,1,9,0
artigo_057,Agradecimentos,2,0,0,1,0,0,0,9,0
artigo_057,Referências,72,2,2,13,2,0,3,112,0
artigo_058,Introdução,40,2,16,7,2,0,0,45,3
artigo_058,Materiais e Métodos,42,0,4,8,3,0,4,62,1
artigo_058,Resultados e Discussão,57,1,20,10,3,4,3,59,0
artigo_058,Conclusão,5,0,1,3,0,0,1,6,0
artigo_058,Agradecimentos,2,0,0,1,0,0,0,9,0
artigo_058,Referências,47,5,1,18,2,0,1,83,0
artigo_059,Introdução,44,3,4,7,5,0,4,54,4
artigo_059,Materiais e Métodos,75,1,9,13,3,0,5,91,3
artigo_059,Resultados e Discussão,22,1,10,3,9,1,3,41,1
artigo_059,Conclusão,6,0,1,1,1,0,0,6,0
artigo_059,Agradecimentos,3,0,0,0,0,0,0,5,0
artigo_059,Referências,40,14,2,12,1,0,0,112,0
artigo_060,Introdução,56,2,23,16,4,1,6,57,0
artigo_060,Materiais e Métodos,36,1,6,5,1,0,4,57,0
artigo_060,Resultados e Discussão,109,5,41,26,7,4,2,97,1
artigo_060,Conclusão,33,1,25,8,4,2,1,64,0
artigo_060,Agradecimentos,0,0,0,0,0,0,0,0,0
artigo_060,Referências,38,1,12,8,0,0,2,66,1
artigo_061,Introdução,40,1,14,12,2,3,0,38,2
artigo_061,Materiais e Métodos,83,4,17,12,11,0,3,116,4
artigo_061,Resultados e Discussão,55,0,10,14,3,2,2,45,0
artigo_061,Conclusão,11,0,7,0,2,1,0,10,0
artigo_061,Agradecimentos,3,0,0,0,0,0,0,10,0
artigo_061,Referências,41,6,3,8,1,0,1,69,1
artigo_062,Introdução,41,0,11,18,7,0,1,51,2
artigo_062,Materiais e Métodos,50,0,10,12,6,0,2,65,1
artigo_062,Resultados e Discussão,127,3,43,37,16,1,6,133,4
artigo_062,Conclusão,31,0,20,10,10,2,1,75,0
artigo_062,Agradecimentos,0,0,0,0,0,0,0,0,0
artigo_062,Referências,52,2,2,14,1,0,0,97,0
artigo_063,Introdução,23,3,5,8,2,0,0,25,2
artigo_063,Materiais e Métodos,58,0,6,8,4,0,3,108,1
artigo_063,Resultados e Discussão,141,4,33,32,11,1,10,204,4
artigo_063,Conclusão,3,0,1,1,1,0,1,9,0
artigo_063,Agradecimentos,3,0,0,1,0,0,0,6,0
artigo_063,Referências,53,22,1,15,1,0,2,123,2
artigo_064,Introdução,63,1,18,20,4,2,4,72,1
artigo_064,Materiais e Métodos,44,0,6,11,2,0,0,66,0
artigo_064,Resultados e Discussão,85,3,34,26,10,3,9,170,5
artigo_064,Conclusão,6,0,3,3,1,1,0,9,0
artigo_064,Agradecimentos,6,0,0,1,0,0,0,3,0
artigo_064,Referências,66,9,0,18,0,0,4,79,2
artigo_065,Introdução,61,7,20,16,2,2,5,95,3
artigo_065,Materiais e Métodos,87,0,10,19,5,0,3,147,1
artigo_065,Resultados e Discussão,60,3,19,20,5,1,4,70,1
artigo_065,Conclusão,4,0,1,2,1,0,1,9,0
artigo_065,Agradecimentos,3,0,0,1,0,0,0,6,0
artigo_065,Referências,52,19,0,15,0,0,4,115,2
artigo_066,Introdução,53,8,9,12,3,3,5,56,6
artigo_066,Materiais e Métodos,60,2,3,13,6,0,5,101,0
artigo_066,Resultados e Discussão,60,16,22,13,4,2,6,101,0
artigo_066,Conclusão,7,1,2,3,0,0,0,20,0
artigo_066,Agradecimentos,0,0,0,0,0,0,0,0,0
artigo_066,Referências,58,36,2,14,1,0,2,186,0
artigo_067,Introdução,29,2,7,11,1,0,2,28,1
artigo_067,Materiais e Métodos,12,0,0,1,1,0,0,16,0
artigo_067,Resultados e Discussão,90,2,26,29,14,4,6,141,3
artigo_067,Conclusão,20,0,9,7,3,1,2,33,0
artigo_067,Agradecimentos,0,0,0,0,0,0,0,0,0
artigo_067,Referências,32,4,3,7,0,0,0,62,3
artigo_068,Introdução,2,0,1,1,1,0,0,4,0
artigo_068,Materiais e Métodos,48,2,3,12,2,0,0,54,3
artigo_068,Resultados e Discussão,158,3,28,54,13,1,5,266,11
artigo_068,Conclusão,13,0,6,9,1,2,0,27,0
artigo_068,Agradecimentos,0,0,0,0,0,0,0,0,0
artigo_068,Referências,28,19,3,8,0,0,0,113,1
artigo_069,Introdução,80,4,27,16,16,2,5,119,4
artigo_069,Materiais e Métodos,30,0,3,3,1,0,0,24,0
artigo_069,Resultados e Discussão,79,3,41,27,19,4,2,103,3
artigo_069,Conclusão,27,0,9,4,2,0,0,37,0
artigo_069,Agradecimentos,0,0,0,0,0,0,0,0,0
artigo_069,Referências,52,5,2,8,0,0,1,50,1
artigo_070,Introdução,25,2,7,9,1,0,3,41,3
artigo_070,Materiais e Métodos,40,0,5,11,1,0,0,54,0
artigo_070,Resultados e Discussão,32,2,16,10,4,0,1,43,0
artigo_070,Conclusão,3,0,3,1,0,0,0,9,0
artigo_070,Agradecimentos,7,0,0,1,0,0,0,10,0
artigo_070,Referências,30,3,1,9,0,0,1,98,1
artigo_071,Introdução,26,3,5,7,2,0,0,40,3
artigo_071,Materiais e Métodos,52,0,5,10,1,0,1,55,0
artigo_071,Resultados e Discussão,28,1,12,5,4,0,0,38,1
artigo_071,Conclusão,5,0,3,2,0,0,0,12,0
artigo_071,Agradecimentos,7,0,0,1,0,0,0,10,0
artigo_071,Referências,33,9,0,9,1,0,0,90,1
artigo_072,Introdução,24,4,5,8,2,0,0,49,0
artigo_072,Materiais e Métodos,34,0,3,10,1,0,1,34,0
artigo_072,Resultados e Discussão,31,0,5,17,0,0,1,22,0
artigo_072,Conclusão,0,0,0,0,0,0,0,0,0
artigo_072,Agradecimentos,3,0,0,5,1,0,0,14,0
artigo_072,Referências,29,1,2,19,2,0,0,41,2
artigo_073,Introdução,49,2,26,13,7,1,4,157,3
artigo_073,Materiais e Métodos,13,0,7,0,1,0,2,79,0
artigo_073,Resultados e Discussão,28,2,26,8,5,4,1,69,2
artigo_073,Conclusão,8,0,4,3,2,0,0,20,0
artigo_073,Agradecimentos,6,0,0,3,0,0,0,9,0
artigo_073,Referências,29,2,1,10,0,0,1,48,1
artigo_074,Introdução,71,5,34,12,7,1,1,74,5
artigo_074,Materiais e Métodos,51,0,8,6,4,0,2,68,0
artigo_074,Resultados e Discussão,50,0,35,11,9,3,4,87,2
artigo_074,Conclusão,27,0,12,10,2,2,0,44,0
artigo_074,Agradecimentos,4,0,0,1,1,0,0,9,0
artigo_074,Referências,31,4,3,4,0,0,0,34,1
artigo_075,Introdução,52,3,26,14,7,2,5,71,4
artigo_075,Materiais e Métodos,39,0,15,11,3,1,3,63,0
artigo_075,Resultados e Discussão,69,0,32,22,11,3,13,79,0
artigo_075,Conclusão,21,0,4,8,3,1,1,21,0
artigo_075,Agradecimentos,4,0,1,3,0,0,0,5,0
artigo_075,Referências,35,1,0,9,1,0,1,59,2
artigo_076,Introdução,54,2,22,22,4,1,5,99,4
artigo_076,Materiais e Métodos,109,1,22,14,14,0,4,174,1
artigo_076,Resultados e Discussão,45,1,13,11,12,2,1,92,3
artigo_076,Conclusão,12,0,2,2,0,1,0,16,0
artigo_076,Agradecimentos,7,0,0,0,0,0,0,15,0
artigo_076,Referências,43,16,1,7,0,0,1,112,1
artigo_077,Introdução,30,2,13,10,2,3,1,29,2
artigo_077,Materiais e Métodos,154,2,60,33,10,5,8,188,3
artigo_077,Resultados e Discussão,108,1,58,28,14,8,8,130,1
artigo_077,Conclusão,10,0,8,0,3,1,1,9,0
artigo_077,Agradecimentos,11,1,1,3,0,0,0,16,0
artigo_077,Referências,53,5,3,13,0,0,1,61,0
artigo_078,Introdução,75,1,43,35,5,1,5,159,5
artigo_078,Materiais e Métodos,59,0,35,21,12,2,4,111,0
artigo_078,Resultados e Discussão,13,0,14,5,2,1,0,34,0
artigo_078,Conclusão,23,0,11,9,2,0,0,51,0
artigo_078,Agradecimentos,0,0,0,0,0,0,0,0,0
artigo_078,Referências,34,8,3,10,0,0,0,86,2
artigo_079,Introdução,34,2,16,14,0,0,0,60,2
artigo_079,Materiais e Métodos,56,0,23,10,3,0,1,66,2
artigo_079,Resultados e Discussão,16,0,17,4,6,0,1,20,0
artigo_079,Conclusão,113,3,65,20,22,6,22,159,2
artigo_079,Agradecimentos,1,0,0,0,0,0,0,6,0
artigo_079,Referências,38,5,6,15,1,0,3,69,1
artigo_080,Introdução,28,0,12,6,6,1,1,36,1
artigo_080,Materiais e Métodos,25,0,6,3,2,2,0,27,0
artigo_080,Resultados e Discussão,21,1,5,9,4,1,0,22,0
artigo_080,Conclusão,39,0,11,12,4,2,3,28,0
artigo_080,Agradecimentos,6,0,1,3,0,0,0,5,0
artigo_080,Referências,25,3,1,8,0,0,1,42,2
artigo_081,Introdução,23,2,17,9,9,0,2,47,4
artigo_081,Materiais e Métodos,19,1,5,7,2,0,1,48,0
artigo_081,Resultados e Discussão,49,0,15,15,2,0,4,76,3
artigo_081,Conclusão,5,0,1,0,2,1,0,20,0
artigo_081,Agradecimentos,0,0,0,0,0,0,0,0,0
artigo_081,Referências,49,3,4,9,0,0,1,91,1
artigo_082,Introdução,27,5,8,9,4,1,1,69,5
artigo_082,Materiais e Métodos,29,0,5,7,1,0,0,61,0
artigo_082,Resultados e Discussão,36,3,12,12,3,0,2,50,4
artigo_082,Conclusão,5,0,2,1,0,0,0,10,0
artigo_082,Agradecimentos,3,0,0,0,0,0,0,4,0
artigo_082,Referências,55,18,0,14,0,0,1,131,1
artigo_083,Introdução,51,4,13,15,3,0,2,57,3
artigo_083,Materiais e Métodos,12,0,2,5,1,0,0,7,0
artigo_083,Resultados e Discussão,123,2,33,19,6,1,0,130,1
artigo_083,Conclusão,11,0,4,4,0,0,1,7,0
artigo_083,Agradecimentos,0,0,0,0,0,0,0,0,0
artigo_083,Referências,54,4,0,11,0,0,1,85,3
artigo_084,Introdução,18,3,15,6,1,0,0,45,3
artigo_084,Materiais e Métodos,10,0,3,4,0,0,2,34,0
artigo_084,Resultados e Discussão,69,3,30,23,4,5,7,139,4
artigo_084,Conclusão,12,0,6,4,0,1,1,22,0
artigo_084,Agradecimentos,0,0,0,0,0,0,0,0,0
artigo_084,Referências,45,0,7,7,0,0,1,80,1
artigo_085,Introdução,64,8,20,27,2,3,3,88,4
artigo_085,Materiais e Métodos,60,0,7,7,3,0,2,83,0
artigo_085,Resultados e Discussão,41,0,18,12,2,0,1,53,0
artigo_085,Conclusão,18,1,7,9,3,0,1,36,0
artigo_085,Agradecimentos,4,0,0,1,0,0,0,3,0
artigo_085,Referências,41,26,2,12,0,0,0,109,2
artigo_086,Introdução,80,0,26,39,6,0,3,119,2
artigo_086,Materiais e Métodos,76,0,9,21,4,0,4,76,1
artigo_086,Resultados e Discussão,72,1,28,19,5,1,7,111,7
artigo_086,Conclusão,0,0,0,0,0,0,0,0,0
artigo_086,Agradecimentos,0,0,0,0,0,0,0,0,0
artigo_086,Referências,50,4,3,26,2,0,0,94,2
artigo_087,Introdução,46,2,14,21,4,0,2,68,4
artigo_087,Materiais e Métodos,17,1,3,5,2,0,0,24,1
artigo_087,Resultados e Discussão,61,3,20,22,4,3,2,66,4
artigo_087,Conclusão,13,0,1,1,0,0,1,13,0
artigo_087,Agradecimentos,0,0,0,0,0,0,0,0,0
artigo_087,Referências,63,4,11,28,4,0,2,106,0
artigo_088,Introdução,52,0,10,17,1,2,4,51,1
artigo_088,Materiais e Métodos,89,0,19,15,4,1,3,116,1
artigo_088,Resultados e Discussão,163,0,49,25,6,3,3,181,1
artigo_088,Conclusão,47,2,13,17,2,1,2,60,1
artigo_088,Agradecimentos,2,0,0,0,0,0,0,4,0
artigo_088,Referências,34,6,2,5,0,0,0,47,2
artigo_089,Introdução,65,0,16,20,8,3,1,111,5
artigo_089,Materiais e Métodos,21,0,4,8,3,1,2,59,0
artigo_089,Resultados e Discussão,80,2,27,24,13,2,8,144,7
artigo_089,Conclusão,12,0,2,2,1,1,0,20,0
artigo_089,Agradecimentos,0,0,0,0,0,0,0,0,0
artigo_089,Referências,65,7,0,19,0,0,3,145,0
artigo_090,Introdução,68,0,24,15,7,1,3,108,4
artigo_090,Materiais e Métodos,31,0,6,7,2,0,2,32,1
artigo_090,Resultados e Discussão,112,0,27,35,20,4,7,150,3
artigo_090,Conclusão,8,0,6,4,4,1,1,11,0
artigo_090,Agradecimentos,0,0,0,0,0,0,0,0,0
artigo_090,Referências,61,2,2,23,1,1,0,98,0
artigo_091,Introdução,58,1,19,6,2,2,3,64,1
artigo_091,Materiais e Métodos,43,1,3,8,1,0,7,73,2
artigo_091,Resultados e Discussão,69,2,17,20,6,2,2,63,2
artigo_091,Conclusão,5,0,6,4,0,0,0,5,0
artigo_091,Agradecimentos,0,0,0,0,0,0,0,0,0
artigo_091,Referências,112,6,3,21,0,0,2,149,0
artigo_092,Introdução,74,0,10,19,7,3,1,61,2
artigo_092,Materiais e Métodos,40,0,2,11,4,0,2,43,0
artigo_092,Resultados e Discussão,71,0,19,28,4,1,3,76,0
artigo_092,Conclusão,14,0,4,5,2,1,0,16,0
artigo_092,Agradecimentos,0,0,0,0,0,0,0,0,0
artigo_092,Referências,70,0,3,15,0,0,1,52,2
artigo_093,Introdução,46,1,15,9,3,1,0,78,2
artigo_093,Materiais e Métodos,53,4,6,14,3,0,3,68,3
artigo_093,Resultados e Discussão,49,1,20,16,10,2,4,72,1
artigo_093,Conclusão,15,0,2,6,4,0,1,24,0
artigo_093,Agradecimentos,4,0,2,1,3,0,0,15,0
artigo_093,Referências,71,14,0,25,0,0,1,112,2
artigo_094,Introdução,50,1,15,23,6,1,2,89,6
artigo_094,Materiais e Métodos,44,0,12,12,4,0,1,66,0
artigo_094,Resultados e Discussão,73,0,25,22,10,1,2,121,1
artigo_094,Conclusão,38,0,8,13,5,1,1,63,0
artigo_094,Agradecimentos,0,0,0,0,0,0,0,0,0
artigo_094,Referências,47,3,2,21,0,1,2,135,2
artigo_095,Introdução,80,4,24,23,8,0,2,82,2
artigo_095,Materiais e Métodos,34,1,11,10,2,0,1,62,1
artigo_095,Resultados e Discussão,82,3,35,35,11,0,3,100,2
artigo_095,Conclusão,21,0,11,8,0,0,0,28,0
artigo_095,Agradecimentos,0,0,0,0,0,0,0,0,0
artigo_095,Referências,46,5,2,12,0,0,2,50,2
artigo_096,Introdução,61,3,21,10,3,0,4,75,3
artigo_096,Materiais e Métodos,8,0,1,1,0,0,0,15,0
artigo_096,Resultados e Discussão,145,20,33,34,14,0,9,197,8
artigo_096,Conclusão,16,0,4,1,2,1,1,22,0
artigo_096,Agradecimentos,0,0,0,0,0,0,0,0,0
artigo_096,Referências,77,30,8,15,1,0,2,144,5
artigo_097,Introdução,33,1,14,17,6,0,2,66,6
artigo_097,Materiais e Métodos,14,0,9,1,0,0,0,15,0
artigo_097,Resultados e Discussão,3,0,1,1,0,0,0,7,0
artigo_097,Conclusão,33,0,10,10,5,2,3,46,0
artigo_097,Agradecimentos,0,0,0,0,0,0,0,0,0
artigo_097,Referências,231,21,67,62,29,6,21,360,13
artigo_098,Introdução,4,1,1,5,0,0,0,5,0
artigo_098,Materiais e Métodos,24,0,5,3,0,0,3,39,1
artigo_098,Resultados e Discussão,97,2,20,25,3,1,6,126,8
artigo_098,Conclusão,185,3,46,43,9,7,9,187,5
artigo_098,Agradecimentos,9,0,0,5,0,0,0,13,0
artigo_098,Referências,58,2,2,13,0,0,1,101,0
artigo_099,Introdução,106,0,42,26,8,2,9,129,1
artigo_099,Materiais e Métodos,69,0,36,17,10,1,3,58,0
artigo_099,Resultados e Discussão,60,1,30,23,12,2,5,88,1
artigo_099,Conclusão,19,0,8,7,1,2,2,30,1
artigo_099,Agradecimentos,0,0,0,0,0,0,0,0,0
artigo_099,Referências,249,1,106,62,33,3,15,284,1
artigo_100,Introdução,17,0,8,6,0,0,1,17,2
artigo_100,Materiais e Métodos,7,0,4,0,1,0,3,9,0
artigo_100,Resultados e Discussão,242,2,95,46,22,3,28,291,16
artigo_100,Conclusão,13,0,12,4,1,2,1,17,0
artigo_100,Agradecimentos,68,3,9,20,2,0,2,113,0
artigo_100,Referências,0,0,0,0,0,0,0,0,0
artigo_101,Introdução,37,2,12,15,2,1,4,65,4
artigo_101,Materiais e Métodos,37,0,7,6,3,0,0,78,0
artigo_101,Resultados e Discussão,69,0,18,11,4,3,8,139,2
artigo_101,Conclusão,18,0,10,5,4,1,3,63,0
artigo_101,Agradecimentos,0,0,0,0,0,0,0,0,0
artigo_101,Referências,69,7,5,18,1,0,3,139,1
artigo_102,Introdução,21,0,6,2,3,1,2,22,0
artigo_102,Materiais e Métodos,14,0,5,1,1,0,1,24,0
artigo_102,Resultados e Discussão,166,1,57,33,17,2,12,215,0
artigo_102,Conclusão,60,0,25,10,10,1,3,78,0
artigo_102,Agradecimentos,0,0,0,0,0,0,0,0,0
artigo_102,Referências,37,0,2,8,3,0,1,60,0
artigo_103,Introdução,48,3,18,15,3,0,2,51,4
artigo_103,Materiais e Métodos,76,0,8,10,3,0,7,120,1
artigo_103,Resultados e Discussão,56,2,17,9,7,4,1,71,2
artigo_103,Conclusão,6,0,1,3,2,1,1,8,0
artigo_103,Agradecimentos,0,0,0,0,0,0,0,0,0
artigo_103,Referências,76,5,2,4,0,0,0,126,0
artigo_104,Introdução,42,1,9,7,5,1,2,55,0
artigo_104,Materiais e Métodos,84,1,8,12,5,0,5,136,2
artigo_104,Resultados e Discussão,48,1,13,12,6,1,0,57,1
artigo_104,Conclusão,8,0,1,4,2,0,0,9,0
artigo_104,Agradecimentos,0,0,0,0,0,0,0,0,0
artigo_104,Referências,60,3,0,5,0,0,0,87,0
artigo_105,Introdução,26,0,8,9,2,0,4,53,1
artigo_105,Materiais e Métodos,63,1,10,14,6,0,5,98,5
artigo_105,Resultados e Discussão,36,1,12,20,5,2,4,45,2
artigo_105,Conclusão,6,0,1,3,1,0,0,7,0
artigo_105,Agradecimentos,0,0,0,0,0,0,0,0,0
artigo_105,Referências,30,7,1,7,1,0,0,95,3
artigo_106,Introdução,58,3,19,25,2,0,2,76,6
artigo_106,Materiais e Métodos,97,0,13,26,4,0,4,121,0
artigo_106,Resultados e Discussão,26,0,11,8,4,0,1,26,2
artigo_106,Conclusão,6,0,2,4,0,0,0,6,0
artigo_106,Agradecimentos,6,0,0,3,0,0,1,19,0
artigo_106,Referências,56,5,5,20,2,0,1,97,1
artigo_107,Introdução,37,1,16,10,2,1,0,49,6
artigo_107,Materiais e Métodos,68,1,12,4,1,1,4,91,4
artigo_107,Resultados e Discussão,168,2,55,20,11,6,6,223,7
artigo_107,Conclusão,24,0,12,3,3,1,1,32,0
artigo_107,Agradecimentos,12,0,1,5,0,0,0,7,0
artigo_107,Referências,76,18,2,22,3,0,1,123,0
artigo_108,Introdução,88,3,25,28,6,0,5,151,4
artigo_108,Materiais e Métodos,23,0,4,5,3,0,3,18,0
artigo_108,Resultados e Discussão,83,1,14,22,2,0,8,75,0
artigo_108,Conclusão,28,1,4,5,3,0,3,51,0
artigo_108,Agradecimentos,0,0,0,0,0,0,0,0,0
artigo_108,Referências,49,4,4,14,1,0,2,85,0
artigo_109,Introdução,31,2,10,11,3,0,3,39,6
artigo_109,Materiais e Métodos,71,1,23,14,4,3,3,94,3
artigo_109,Resultados e Discussão,106,0,39,45,4,5,6,94,0
artigo_109,Conclusão,66,0,24,8,7,5,1,62,0
artigo_109,Agradecimentos,0,0,0,0,0,0,0,0,0
artigo_109,Referências,39,4,2,11,0,0,0,66,1
artigo_110,Introdução,25,0,13,4,2,0,1,25,1
artigo_110,Materiais e Métodos,11,0,3,3,1,1,0,15,0
artigo_110,Resultados e Discussão,180,1,93,44,12,4,6,207,2
artigo_110,Conclusão,43,0,21,13,8,0,4,72,0
artigo_110,Agradecimentos,0,0,0,0,0,0,0,0,0
artigo_110,Referências,37,0,0,5,0,0,0,53,0
artigo_111,Introdução,49,4,18,18,4,1,4,70,2
artigo_111,Materiais e Métodos,13,1,0,1,1,0,2,52,2
artigo_111,Resultados e Discussão,65,5,55,38,12,4,7,219,7
artigo_111,Conclusão,7,0,4,4,1,0,1,37,0
artigo_111,Agradecimentos,4,0,0,1,0,0,0,2,0
artigo_111,Referências,58,0,2,17,0,0,1,127,2
artigo_112,Introdução,47,1,16,17,2,1,2,34,0
artigo_112,Materiais e Métodos,20,2,8,8,2,0,1,17,0
artigo_112,Resultados e Discussão,125,2,37,34,9,4,1,118,2
artigo_112,Conclusão,31,0,15,6,0,1,3,25,0
artigo_112,Agradecimentos,11,0,1,3,1,0,0,16,0
artigo_112,Referências,34,4,5,8,0,0,0,42,0
artigo_113,Introdução,37,2,7,9,2,1,0,42,0
artigo_113,Materiais e Métodos,13,0,1,1,1,0,2,15,0
artigo_113,Resultados e Discussão,84,1,20,15,6,0,6,115,4
artigo_113,Conclusão,12,0,4,5,0,0,2,25,0
artigo_113,Agradecimentos,6,0,0,5,0,0,0,4,0
artigo_113,Referências,27,1,0,7,0,0,0,56,1
artigo_114,Introdução,78,1,23,15,4,0,2,113,1
artigo_114,Materiais e Métodos,14,0,3,3,0,0,1,20,0
artigo_114,Resultados e Discussão,42,1,23,9,1,0,0,48,2
artigo_114,Conclusão,17,0,13,5,0,0,1,17,0
artigo_114,Agradecimentos,6,0,0,5,0,0,0,4,0
artigo_114,Referências,18,4,0,6,0,0,0,40,0
artigo_115,Introdução,36,0,15,12,7,1,3,77,4
artigo_115,Materiais e Métodos,94,0,34,16,18,3,9,222,4
artigo_115,Resultados e Discussão,24,0,11,4,1,0,1,37,2
artigo_115,Conclusão,6,0,2,3,2,0,1,18,0
artigo_115,Agradecimentos,12,0,0,2,0,0,0,9,0
artigo_115,Referências,30,5,0,7,1,0,1,81,8
artigo_116,Introdução,66,0,18,19,11,1,3,70,1
artigo_116,Materiais e Métodos,54,0,13,22,5,0,1,81,0
artigo_116,Resultados e Discussão,69,1,34,19,7,4,2,100,1
artigo_116,Conclusão,14,0,7,4,2,0,1,18,0
artigo_116,Agradecimentos,8,0,0,1,0,0,0,5,0
artigo_116,Referências,33,0,1,4,0,0,1,37,1
artigo_117,Introdução,27,1,13,10,4,5,0,58,2
artigo_117,Materiais e Métodos,92,2,12,24,12,1,5,150,2
artigo_117,Resultados e Discussão,54,2,17,18,10,2,1,109,3
artigo_117,Conclusão,5,0,5,4,1,0,1,20,0
artigo_117,Agradecimentos,0,0,0,0,0,0,0,0,0
artigo_117,Referências,27,10,2,10,5,0,1,83,0
artigo_118,Introdução,42,2,21,7,6,1,1,57,1
artigo_118,Materiais e Métodos,31,0,7,2,1,2,3,36,1
artigo_118,Resultados e Discussão,60,1,29,9,6,0,4,69,0
artigo_118,Conclusão,31,0,17,6,4,0,6,58,0
artigo_118,Agradecimentos,6,0,0,5,0,0,0,4,0
artigo_118,Referências,31,7,1,7,0,0,2,43,3
artigo_119,Introdução,60,5,20,13,9,1,1,125,4
artigo_119,Materiais e Métodos,36,0,5,8,3,0,0,70,0
artigo_119,Resultados e Discussão,71,12,14,29,8,2,1,146,1
artigo_119,Conclusão,26,0,12,12,1,1,0,51,0
artigo_119,Agradecimentos,0,0,0,0,0,0,0,0,0
artigo_119,Referências,41,8,2,26,0,0,0,83,0
artigo_120,Introdução,23,2,8,16,2,0,2,33,1
artigo_120,Materiais e Métodos,73,3,9,21,3,0,4,112,2
artigo_120,Resultados e Discussão,57,5,23,9,5,2,5,92,0
artigo_120,Conclusão,8,0,4,6,3,0,0,20,0
artigo_120,Agradecimentos,8,0,0,2,0,0,0,12,0
artigo_120,Referências,41,10,1,14,0,0,4,70,1
artigo_121,Introdução,63,2,19,17,10,1,6,83,2
artigo_121,Materiais e Métodos,57,1,5,9,3,0,3,64,1
artigo_121,Resultados e Discussão,113,4,30,15,8,0,6,99,5
artigo_121,Conclusão,14,0,6,2,3,1,1,15,0
artigo_121,Agradecimentos,0,0,0,0,0,0,0,0,0
artigo_121,Referências,56,6,3,17,0,0,1,81,1
artigo_122,Introdução,45,5,12,11,3,1,2,68,4
artigo_122,Materiais e Métodos,28,0,3,5,2,1,1,47,0
artigo_122,Resultados e Discussão,37,1,15,13,7,1,5,84,2
artigo_122,Conclusão,11,0,3,4,2,0,3,12,0
artigo_122,Agradecimentos,0,0,0,0,0,0,0,0,0
artigo_122,Referências,22,22,0,4,0,0,1,135,0
artigo_123,Introdução,57,0,19,19,7,1,4,81,1
artigo_123,Materiais e Métodos,24,0,3,5,3,0,0,39,0
artigo_123,Resultados e Discussão,40,0,15,30,12,1,3,66,0
artigo_123,Conclusão,27,0,24,14,6,0,3,68,0
artigo_123,Agradecimentos,0,0,0,0,0,0,0,0,0
artigo_123,Referências,63,0,1,31,0,0,0,75,4
artigo_124,Introdução,64,3,16,20,4,1,3,63,5
artigo_124,Materiais e Métodos,81,0,15,18,3,0,3,93,1
artigo_124,Resultados e Discussão,65,1,22,15,14,0,7,84,4
artigo_124,Conclusão,15,0,5,6,3,0,1,20,0
artigo_124,Agradecimentos,6,0,0,3,0,0,0,5,0
artigo_124,Referências,86,11,2,19,3,0,1,132,2
artigo_125,Introdução,57,1,12,19,2,2,4,82,4
artigo_125,Materiais e Métodos,57,0,6,6,1,0,0,54,0
artigo_125,Resultados e Discussão,130,6,44,29,13,4,11,131,9
artigo_125,Conclusão,21,0,8,2,2,1,0,21,0
artigo_125,Agradecimentos,4,0,1,0,0,0,0,8,0
artigo_125,Referências,57,4,3,12,0,0,0,101,1
artigo_126,Introdução,59,0,19,10,7,2,5,84,6
artigo_126,Materiais e Métodos,40,0,5,6,1,0,0,51,0
artigo_126,Resultados e Discussão,90,3,21,24,7,6,3,97,3
artigo_126,Conclusão,9,0,7,2,3,1,1,27,0
artigo_126,Agradecimentos,9,0,2,0,0,0,0,12,0
artigo_126,Referências,41,4,1,7,0,0,1,100,4
artigo_127,Introdução,40,0,6,10,4,1,2,54,2
artigo_127,Materiais e Métodos,112,1,25,27,7,3,0,141,1
artigo_127,Resultados e Discussão,73,0,24,40,13,4,1,95,0
artigo_127,Conclusão,23,0,9,11,2,0,1,42,0
artigo_127,Agradecimentos,0,0,0,0,0,0,0,0,0
artigo_127,Referências,36,1,4,14,0,0,0,48,2
artigo_128,Introdução,3,0,5,1,0,0,1,7,0
artigo_128,Materiais e Métodos,99,0,19,31,6,0,6,149,3
artigo_128,Resultados e Discussão,81,0,32,10,4,1,4,89,0
artigo_128,Conclusão,20,0,9,6,0,0,0,48,0
artigo_128,Agradecimentos,3,0,0,0,0,0,0,3,0
artigo_128,Referências,43,0,0,15,0,0,1,50,2
artigo_129,Introdução,19,1,11,2,3,2,1,14,0
artigo_129,Materiais e Métodos,29,0,15,5,2,4,1,42,0
artigo_129,Resultados e Discussão,115,1,59,20,20,11,4,117,0
artigo_129,Conclusão,23,0,7,5,4,1,0,16,0
artigo_129,Agradecimentos,8,0,0,6,0,0,0,8,0
artigo_129,Referências,12,0,4,1,2,0,0,24,0
artigo_130,Introdução,50,2,19,13,4,2,2,67,4
artigo_130,Materiais e Métodos,50,1,3,9,4,0,3,85,1
artigo_130,Resultados e Discussão,101,4,17,23,13,3,5,164,5
artigo_130,Conclusão,6,0,2,1,0,0,0,10,0
artigo_130,Agradecimentos,7,0,0,1,0,0,0,4,0
artigo_130,Referências,62,4,2,17,0,0,4,105,2
artigo_131,Introdução,49,3,15,14,4,2,2,56,3
artigo_131,Materiais e Métodos,59,0,22,15,9,0,5,92,0
artigo_131,Resultados e Discussão,112,4,48,34,15,1,5,117,4
artigo_131,Conclusão,11,0,4,2,2,1,0,9,0
artigo_131,Agradecimentos,0,0,0,0,0,0,0,0,0
artigo_131,Referências,70,14,6,16,1,0,2,119,2
artigo_132,Introdução,41,0,11,4,4,1,0,48,2
artigo_132,Materiais e Métodos,70,0,28,22,7,0,4,110,0
artigo_132,Resultados e Discussão,168,2,46,23,16,5,4,161,3
artigo_132,Conclusão,12,0,7,5,1,0,0,14,0
artigo_132,Agradecimentos,0,0,0,0,0,0,0,0,0
artigo_132,Referências,17,14,1,4,0,0,1,51,0
artigo_133,Introdução,27,0,8,9,4,1,1,41,0
artigo_133,Materiais e Métodos,75,0,21,18,5,1,3,85,0
artigo_133,Resultados e Discussão,54,0,12,13,3,0,1,79,2
artigo_133,Conclusão,22,0,8,11,1,0,0,35,0
artigo_133,Agradecimentos,3,0,0,1,1,0,0,10,0
artigo_133,Referências,119,2,7,43,7,0,2,167,2
artigo_134,Introdução,57,4,17,18,6,1,5,73,1
artigo_134,Materiais e Métodos,75,0,9,12,5,0,6,119,3
artigo_134,Resultados e Discussão,33,1,14,18,3,1,4,54,1
artigo_134,Conclusão,12,0,2,7,0,1,1,19,0
artigo_134,Agradecimentos,6,0,0,1,0,0,0,11,0
artigo_134,Referências,51,3,0,13,1,0,2,69,2
artigo_135,Introdução,59,4,15,18,4,0,4,84,7
artigo_135,Materiais e Métodos,72,1,7,13,3,0,2,98,2
artigo_135,Resultados e Discussão,34,0,15,10,8,3,0,54,2
artigo_135,Conclusão,19,0,6,4,0,1,0,46,0
artigo_135,Agradecimentos,12,1,0,7,0,0,0,13,0
artigo_135,Referências,56,4,3,14,0,0,1,97,1
artigo_136,Introdução,59,2,19,24,1,2,2,77,6
artigo_136,Materiais e Métodos,60,1,11,12,4,0,2,93,1
artigo_136,Resultados e Discussão,31,0,6,7,4,1,0,33,1
artigo_136,Conclusão,10,0,4,3,1,0,0,13,0
artigo_136,Agradecimentos,12,1,0,7,0,0,0,21,0
artigo_136,Referências,53,1,2,6,0,0,0,64,3
artigo_137,Introdução,65,5,17,18,5,1,0,84,6
artigo_137,Materiais e Métodos,55,0,8,7,1,0,3,72,1
artigo_137,Resultados e Discussão,44,0,16,18,5,2,1,68,2
artigo_137,Conclusão,8,0,5,3,1,0,0,27,0
artigo_137,Agradecimentos,12,1,0,7,0,0,0,13,0
artigo_137,Referências,63,0,2,14,0,0,3,95,1
artigo_138,Introdução,26,2,10,5,3,1,1,52,2
artigo_138,Materiais e Métodos,82,1,14,15,5,0,7,111,1
artigo_138,Resultados e Discussão,74,0,27,26,14,2,7,87,0
artigo_138,Conclusão,16,0,3,4,3,0,1,25,0
artigo_138,Agradecimentos,0,0,0,0,0,0,0,0,0
artigo_138,Referências,29,10,0,6,0,0,0,67,4
artigo_139,Introdução,62,5,14,12,5,1,4,83,3
artigo_139,Materiais e Métodos,57,1,13,13,3,0,2,104,0
artigo_139,Resultados e Discussão,101,2,27,33,9,5,7,94,3
artigo_139,Conclusão,21,0,5,6,0,1,0,23,0
artigo_139,Agradecimentos,12,1,0,7,0,0,0,13,0
artigo_139,Referências,30,31,2,9,0,0,0,135,2
artigo_140,Introdução,66,0,27,12,1,2,5,55,2
artigo_140,Materiais e Métodos,11,0,0,1,0,0,0,9,0
artigo_140,Resultados e Discussão,172,1,48,22,16,1,10,165,1
artigo_140,Conclusão,38,0,16,4,3,0,0,34,0
artigo_140,Agradecimentos,0,0,0,0,0,0,0,0,0
artigo_140,Referências,32,1,5,8,0,0,0,44,1
artigo_141,Introdução,67,10,33,30,13,3,5,146,4
artigo_141,Materiais e Métodos,14,0,2,9,0,0,0,24,0
artigo_141,Resultados e Discussão,58,0,17,20,4,0,2,56,1
artigo_141,Conclusão,25,0,5,8,2,0,0,44,0
artigo_141,Agradecimentos,0,0,0,0,0,0,0,0,0
artigo_141,Referências,67,19,4,13,0,2,0,144,0
artigo_142,Introdução,67,1,20,16,13,0,1,87,3
artigo_142,Materiais e Métodos,50,0,7,8,3,0,4,67,1
artigo_142,Resultados e Discussão,59,4,20,8,4,0,1,68,0
artigo_142,Conclusão,12,0,4,2,0,0,0,17,0
artigo_142,Agradecimentos,8,0,0,0,1,0,0,12,0
artigo_142,Referências,30,4,3,8,0,0,1,59,1
artigo_143,Introdução,2,0,0,0,0,0,0,11,0
artigo_143,Materiais e Métodos,0,0,0,0,0,0,0,0,0
artigo_143,Resultados e Discussão,0,0,0,0,0,0,0,0,0
artigo_143,Conclusão,0,0,0,0,0,0,0,0,0
artigo_143,Agradecimentos,0,0,0,0,0,0,0,0,0
artigo_143,Referências,0,0,0,0,0,0,0,0,0
artigo_144,Introdução,96,0,37,35,2,2,5,117,5
artigo_144,Materiais e Métodos,33,0,7,1,3,2,2,42,1
artigo_144,Resultados e Discussão,117,0,24,11,7,5,6,139,1
artigo_144,Conclusão,10,0,9,5,1,0,1,16,0
artigo_144,Agradecimentos,0,0,0,0,0,0,0,0,0
artigo_144,Referências,27,6,0,7,0,0,0,32,3
artigo_145,Introdução,39,1,13,4,5,1,2,62,4
artigo_145,Materiais e Métodos,31,0,7,2,8,0,2,77,0
artigo_145,Resultados e Discussão,46,0,23,5,5,1,6,68,1
artigo_145,Conclusão,15,0,11,6,2,0,0,41,0
artigo_145,Agradecimentos,0,0,0,0,0,0,0,0,0
artigo_145,Referências,48,1,0,13,0,0,0,85,3
artigo_146,Introdução,27,0,12,10,4,1,2,30,2
artigo_146,Materiais e Métodos,87,1,26,17,4,0,3,69,2
artigo_146,Resultados e Discussão,160,1,46,51,18,3,16,203,3
artigo_146,Conclusão,49,1,26,20,6,0,1,59,0
artigo_146,Agradecimentos,0,0,0,0,0,0,0,0,0
artigo_146,Referências,26,2,8,8,0,0,3,57,0
artigo_147,Introdução,25,1,11,14,2,0,2,41,0
artigo_147,Materiais e Métodos,89,3,29,17,7,2,9,171,3
artigo_147,Resultados e Discussão,32,1,4,12,4,1,3,61,0
artigo_147,Conclusão,19,0,7,8,0,1,1,41,0
artigo_147,Agradecimentos,7,0,0,5,0,0,0,5,0
artigo_147,Referências,68,7,13,12,0,0,0,89,2
artigo_148,Introdução,34,0,12,13,6,1,1,33,0
artigo_148,Materiais e Métodos,13,0,6,4,2,1,2,18,0
artigo_148,Resultados e Discussão,89,2,38,17,11,1,3,137,3
artigo_148,Conclusão,24,0,5,11,3,1,1,31,0
artigo_148,Agradecimentos,6,0,0,5,0,0,0,12,0
artigo_148,Referências,15,2,1,0,0,0,0,17,0
artigo_149,Introdução,69,1,32,20,19,2,6,88,0
artigo_149,Materiais e Métodos,16,0,6,4,3,0,0,28,0
artigo_149,Resultados e Discussão,91,2,47,30,10,3,10,109,1
artigo_149,Conclusão,37,0,15,15,7,3,1,47,0
artigo_149,Agradecimentos,5,0,0,3,0,0,0,4,0
artigo_149,Referências,50,3,4,23,1,0,0,84,1
artigo_150,Introdução,27,1,9,8,3,0,1,38,1
artigo_150,Materiais e Métodos,95,3,14,7,11,0,3,112,5
artigo_150,Resultados e Discussão,78,2,14,9,6,1,2,74,5
artigo_150,Conclusão,7,0,4,3,1,0,0,9,0
artigo_150,Agradecimentos,5,0,0,1,0,0,1,5,0
artigo_150,Referências,72,9,3,12,0,0,0,97,1
artigo_152,Introdução,10,0,3,3,0,0,1,8,1
artigo_152,Materiais e Métodos,121,0,56,28,15,5,4,149,0
artigo_152,Resultados e Discussão,31,0,19,6,3,1,0,33,0
artigo_152,Conclusão,37,0,15,6,3,0,0,23,0
artigo_152,Agradecimentos,12,1,3,1,0,0,0,8,0
artigo_152,Referências,19,4,2,6,0,0,0,36,2
artigo_153,Introdução,48,6,15,13,2,1,2,50,3
artigo_153,Materiais e Métodos,35,1,3,5,1,0,0,54,1
artigo_153,Resultados e Discussão,116,7,19,18,2,0,1,129,5
artigo_153,Conclusão,7,0,3,1,0,1,0,5,0
artigo_153,Agradecimentos,10,0,1,3,0,0,0,15,0
artigo_153,Referências,41,8,2,9,0,0,0,77,1
artigo_154,Introdução,78,4,19,17,5,4,6,88,6
artigo_154,Materiais e Métodos,58,0,7,11,2,0,3,90,0
artigo_154,Resultados e Discussão,49,1,13,15,2,1,1,58,2
artigo_154,Conclusão,9,0,2,2,1,0,0,15,0
artigo_154,Agradecimentos,5,0,0,5,0,0,0,3,0
artigo_154,Referências,63,5,1,19,1,0,1,109,0
artigo_155,Introdução,60,8,27,19,11,3,4,102,5
artigo_155,Materiais e Métodos,46,1,7,4,1,0,1,70,1
artigo_155,Resultados e Discussão,20,0,16,2,3,1,1,42,0
artigo_155,Conclusão,14,1,8,2,3,0,1,22,0
artigo_155,Agradecimentos,8,0,1,0,0,0,0,8,0
artigo_155,Referências,32,5,1,10,0,0,0,111,2
artigo_156,Introdução,36,1,16,13,7,0,1,53,1
artigo_156,Materiais e Métodos,60,0,12,5,5,0,1,77,0
artigo_156,Resultados e Discussão,41,0,16,18,5,0,0,91,1
artigo_156,Conclusão,19,2,19,8,8,2,3,44,0
artigo_156,Agradecimentos,0,0,0,0,0,0,0,0,0
artigo_156,Referências,30,0,0,11,0,0,0,30,3
artigo_157,Introdução,42,3,11,7,4,0,3,40,2
artigo_157,Materiais e Métodos,48,0,4,8,3,0,5,55,2
artigo_157,Resultados e Discussão,48,0,16,17,4,4,2,52,1
artigo_157,Conclusão,5,0,1,4,0,0,0,6,0
artigo_157,Agradecimentos,2,0,0,1,0,0,0,9,0
artigo_157,Referências,49,3,4,12,1,0,1,62,0
artigo_158,Introdução,46,1,11,11,1,1,3,40,1
artigo_158,Materiais e Métodos,53,0,4,7,3,0,3,72,1
artigo_158,Resultados e Discussão,50,0,12,9,4,2,1,44,0
artigo_158,Conclusão,10,0,0,5,0,1,0,7,0
artigo_158,Agradecimentos,3,0,0,1,0,0,0,8,0
artigo_158,Referências,54,2,2,8,2,0,1,77,0
artigo_159,Introdução,37,2,7,12,5,3,5,64,1
artigo_159,Materiais e Métodos,45,0,4,8,4,0,4,69,1
artigo_159,Resultados e Discussão,44,1,9,11,5,1,3,93,1
artigo_159,Conclusão,6,0,1,5,0,0,0,10,0
artigo_159,Agradecimentos,3,0,0,1,0,0,0,10,0
artigo_159,Referências,54,3,2,17,1,0,1,98,0
artigo_160,Introdução,39,1,6,14,3,0,1,67,3
artigo_160,Materiais e Métodos,44,0,4,8,4,0,4,69,1
artigo_160,Resultados e Discussão,43,1,9,17,3,0,1,69,1
artigo_160,Conclusão,2,0,0,1,0,0,0,6,0
artigo_160,Agradecimentos,3,0,0,1,0,0,0,10,0
artigo_160,Referências,28,20,2,5,1,0,1,112,0
artigo_161,Introdução,20,0,8,6,2,0,1,9,0
artigo_161,Materiais e Métodos,29,0,7,11,0,0,4,39,0
artigo_161,Resultados e Discussão,71,0,21,28,7,2,2,56,1
artigo_161,Conclusão,66,0,29,25,2,1,1,67,0
artigo_161,Agradecimentos,5,0,2,1,0,0,0,8,0
artigo_161,Referências,71,2,2,8,2,0,1,55,5
artigo_162,Introdução,57,4,21,11,6,3,4,71,4
artigo_162,Materiais e Métodos,13,0,4,3,0,0,1,39,0
artigo_162,Resultados e Discussão,95,2,16,18,9,2,5,86,2
artigo_162,Conclusão,14,0,4,2,0,0,1,18,0
artigo_162,Agradecimentos,14,0,3,2,0,0,1,22,0
artigo_162,Referências,44,11,2,12,0,0,0,75,2
artigo_163,Introdução,24,1,6,3,2,0,1,36,1
artigo_163,Materiais e Métodos,102,0,39,15,13,4,3,126,1
artigo_163,Resultados e Discussão,68,0,27,12,14,1,2,109,4
artigo_163,Conclusão,28,0,9,8,1,0,0,18,0
artigo_163,Agradecimentos,12,0,0,8,1,0,0,10,0
artigo_163,Referências,25,16,1,5,0,0,0,74,1
artigo_164,Introdução,37,0,13,13,4,0,1,31,1
artigo_164,Materiais e Métodos,76,0,8,8,5,0,0,93,0
artigo_164,Resultados e Discussão,36,1,12,6,7,1,0,20,1
artigo_164,Conclusão,8,0,2,0,3,0,0,5,0
artigo_164,Agradecimentos,6,0,0,3,0,0,0,2,0
artigo_164,Referências,38,1,1,10,0,0,0,53,2
artigo_165,Introdução,56,2,13,18,5,0,1,39,1
artigo_165,Materiais e Métodos,117,2,19,21,3,0,3,130,3
artigo_165,Resultados e Discussão,21,0,4,3,3,0,0,21,0
artigo_165,Conclusão,5,0,3,0,0,0,0,5,0
artigo_165,Agradecimentos,0,0,0,0,0,0,0,0,0
artigo_165,Referências,26,4,0,3,0,0,0,41,0
artigo_166,Introdução,48,0,19,10,2,0,4,49,3
artigo_166,Materiais e Métodos,23,0,3,5,2,0,1,18,0
artigo_166,Resultados e Discussão,127,0,30,11,21,3,2,127,0
artigo_166,Conclusão,27,0,10,2,7,1,0,37,0
artigo_166,Agradecimentos,0,0,0,0,0,0,0,0,0
artigo_166,Referências,67,0,3,20,5,1,0,68,2
artigo_167,Introdução,51,2,15,9,3,0,4,52,3
artigo_167,Materiais e Métodos,12,0,1,3,0,0,1,19,0
artigo_167,Resultados e Discussão,78,1,23,20,5,0,5,109,1
artigo_167,Conclusão,10,0,6,5,2,0,0,22,0
artigo_167,Agradecimentos,9,0,0,1,0,0,0,15,0
artigo_167,Referências,68,5,2,12,0,0,2,121,2
artigo_168,Introdução,92,5,27,27,7,1,2,114,4
artigo_168,Materiais e Métodos,43,1,3,10,1,0,0,68,1
artigo_168,Resultados e Discussão,76,3,17,20,7,1,3,107,4
artigo_168,Conclusão,10,0,1,1,0,0,0,7,0
artigo_168,Agradecimentos,10,0,1,3,0,0,0,15,0
artigo_168,Referências,31,11,1,13,0,0,1,95,5
artigo_169,Introdução,44,0,20,12,8,1,3,81,2
artigo_169,Materiais e Métodos,48,1,12,13,7,1,1,72,1
artigo_169,Resultados e Discussão,29,0,4,5,5,1,1,17,0
artigo_169,Conclusão,12,0,5,4,0,0,0,13,0
artigo_169,Agradecimentos,18,1,1,2,2,0,1,14,0
artigo_169,Referências,29,4,0,3,0,0,1,50,4
artigo_170,Introdução,9,0,12,3,0,0,1,18,0
artigo_170,Materiais e Métodos,107,0,24,18,3,1,6,106,0
artigo_170,Resultados e Discussão,238,1,74,50,23,5,11,256,5
artigo_170,Conclusão,34,0,16,10,5,1,2,34,0
artigo_170,Agradecimentos,0,0,0,0,0,0,0,0,0
artigo_170,Referências,30,0,1,8,1,0,0,40,1
artigo_171,Introdução,59,4,20,22,5,0,4,96,3
artigo_171,Materiais e Métodos,45,0,3,11,2,0,2,67,0
artigo_171,Resultados e Discussão,76,4,26,30,8,0,4,115,3
artigo_171,Conclusão,20,0,12,4,2,1,1,35,0
artigo_171,Agradecimentos,6,0,0,3,0,0,0,7,0
artigo_171,Referências,27,6,0,7,0,0,0,39,2
artigo_172,Introdução,30,2,7,13,2,2,3,60,3
artigo_172,Materiais e Métodos,37,0,11,5,0,0,5,55,0
artigo_172,Resultados e Discussão,53,3,26,15,8,4,4,71,1
artigo_172,Conclusão,6,0,4,0,3,1,0,12,0
artigo_172,Agradecimentos,8,0,1,4,0,0,0,8,0
artigo_172,Referências,57,9,1,28,3,2,0,86,2
artigo_173,Introdução,26,1,13,7,3,1,0,22,1
artigo_173,Materiais e Métodos,30,0,10,4,2,0,0,42,1
artigo_173,Resultados e Discussão,90,0,22,28,8,2,3,128,2
artigo_173,Conclusão,18,0,3,7,0,2,0,12,0
artigo_173,Agradecimentos,11,0,0,2,0,0,0,17,0
artigo_173,Referências,31,2,1,11,0,10,0,52,2
artigo_174,Introdução,46,4,11,20,10,0,1,53,5
artigo_174,Materiais e Métodos,43,0,4,8,3,0,1,49,0
artigo_174,Resultados e Discussão,39,2,23,11,4,1,2,25,2
artigo_174,Conclusão,12,0,10,6,0,0,1,12,0
artigo_174,Agradecimentos,0,0,0,0,0,0,0,0,0
artigo_174,Referências,31,11,1,7,0,0,0,65,0
artigo_175,Introdução,34,0,9,12,3,0,0,27,2
artigo_175,Materiais e Métodos,42,0,7,11,1,0,1,46,0
artigo_175,Resultados e Discussão,104,1,17,21,0,0,11,76,3
artigo_175,Conclusão,31,0,11,18,4,1,0,25,0
artigo_175,Agradecimentos,0,0,0,0,0,0,0,0,0
artigo_175,Referências,70,6,0,21,0,0,1,66,1
artigo_176,Introdução,43,2,17,17,4,0,2,46,3
artigo_176,Materiais e Métodos,60,0,12,12,2,0,2,64,2
artigo_176,Resultados e Discussão,74,1,32,25,14,1,1,107,2
artigo_176,Conclusão,2,0,2,0,1,0,0,12,0
artigo_176,Agradecimentos,6,0,0,3,0,0,0,13,0
artigo_176,Referências,76,1,13,29,13,0,0,80,4
artigo_177,Introdução,38,2,14,14,5,0,2,44,3
artigo_177,Materiais e Métodos,26,0,1,3,0,0,2,20,0
artigo_177,Resultados e Discussão,92,0,24,20,4,1,4,89,2
artigo_177,Conclusão,57,2,12,13,4,2,2,64,2
artigo_177,Agradecimentos,6,0,0,3,0,0,0,6,0
artigo_177,Referências,95,11,30,32,1,6,3,122,0
artigo_178,Introdução,46,1,21,8,1,0,3,45,3
artigo_178,Materiais e Métodos,8,0,1,1,0,0,1,6,0
artigo_178,Resultados e Discussão,59,0,27,14,7,1,3,121,0
artigo_178,Conclusão,26,0,17,8,4,1,1,36,0
artigo_178,Agradecimentos,7,0,1,1,0,0,0,8,0
artigo_178,Referências,58,1,1,7,1,0,0,118,1
artigo_179,Introdução,37,1,9,9,3,0,1,48,2
artigo_179,Materiais e Métodos,48,0,9,13,1,0,3,122,1
artigo_179,Resultados e Discussão,56,1,26,13,3,1,4,98,3
artigo_179,Conclusão,17,0,11,4,4,1,1,20,0
artigo_179,Agradecimentos,0,0,0,0,0,0,0,0,0
artigo_179,Referências,22,2,3,7,0,0,0,81,0
artigo_180,Introdução,52,2,12,18,6,1,5,69,2
artigo_180,Materiais e Métodos,67,0,11,18,1,0,1,82,1
artigo_180,Resultados e Discussão,43,0,14,14,4,1,5,58,0
artigo_180,Conclusão,28,0,8,7,2,2,0,33,0
artigo_180,Agradecimentos,0,0,0,0,0,0,0,0,0
artigo_180,Referências,53,4,1,17,2,0,0,51,0
artigo_181,Introdução,50,2,22,8,7,1,1,85,0
artigo_181,Materiais e Métodos,1,0,1,0,0,0,0,0,0
artigo_181,Resultados e Discussão,125,2,28,25,6,1,7,162,0
artigo_181,Conclusão,33,0,19,9,2,2,1,44,0
artigo_181,Agradecimentos,3,0,0,4,0,0,0,5,0
artigo_181,Referências,7,5,0,4,0,0,0,41,0
artigo_182,Introdução,41,3,10,17,4,2,2,57,3
artigo_182,Materiais e Métodos,26,0,3,3,0,0,1,52,0
artigo_182,Resultados e Discussão,80,2,31,21,4,1,2,88,3
artigo_182,Conclusão,12,0,6,4,1,0,0,20,0
artigo_182,Agradecimentos,10,0,3,2,0,0,1,11,0
artigo_182,Referências,26,10,0,5,0,0,0,93,3
artigo_183,Introdução,48,4,17,12,5,4,5,55,3
artigo_183,Materiais e Métodos,119,0,29,16,7,0,4,143,1
artigo_183,Resultados e Discussão,40,1,12,10,5,2,0,73,1
artigo_183,Conclusão,11,0,7,2,0,1,0,18,0
artigo_183,Agradecimentos,8,0,0,1,0,0,0,15,0
artigo_183,Referências,52,4,4,15,1,0,0,70,0
artigo_184,Introdução,52,5,23,22,5,2,4,101,2
artigo_184,Materiais e Métodos,63,0,11,8,8,0,2,122,1
artigo_184,Resultados e Discussão,24,0,4,6,7,1,0,36,0
artigo_184,Conclusão,11,0,1,0,5,0,0,36,0
artigo_184,Agradecimentos,0,0,0,0,0,0,0,0,0
artigo_184,Referências,36,9,0,6,0,0,0,77,3
artigo_185,Introdução,35,2,17,12,4,4,2,51,2
artigo_185,Materiais e Métodos,112,2,17,20,3,0,3,131,3
artigo_185,Resultados e Discussão,28,0,8,7,4,0,0,27,0
artigo_185,Conclusão,8,0,1,1,1,0,0,3,0
artigo_185,Agradecimentos,5,0,0,3,0,0,0,4,0
artigo_185,Referências,46,14,1,14,0,0,0,101,0
artigo_186,Introdução,58,1,9,21,2,0,2,67,3
artigo_186,Materiais e Métodos,80,0,11,11,3,0,3,76,0
artigo_186,Resultados e Discussão,0,0,0,0,0,0,0,1,0
artigo_186,Conclusão,83,2,32,19,5,2,6,118,0
artigo_186,Agradecimentos,10,1,2,4,3,0,0,34,0
artigo_186,Referências,66,3,0,21,0,0,0,71,1
artigo_187,Introdução,4,0,1,2,0,0,0,6,0
artigo_187,Materiais e Métodos,67,0,7,10,3,0,2,104,2
artigo_187,Resultados e Discussão,128,3,35,31,8,1,4,212,5
artigo_187,Conclusão,5,0,3,2,0,0,0,9,0
artigo_187,Agradecimentos,12,0,0,2,0,0,0,14,0
artigo_187,Referências,21,9,1,9,0,0,0,105,0
artigo_188,Introdução,34,3,8,16,12,0,4,51,3
artigo_188,Materiais e Métodos,47,0,15,8,3,0,2,66,0
artigo_188,Resultados e Discussão,82,0,24,4,13,0,1,90,0
artigo_188,Conclusão,13,0,6,0,2,0,0,19,0
artigo_188,Agradecimentos,0,0,0,0,0,0,0,0,0
artigo_188,Referências,35,2,1,4,3,0,1,36,2
artigo_189,Introdução,75,2,22,21,3,1,1,65,3
artigo_189,Materiais e Métodos,112,1,15,18,4,0,4,153,1
artigo_189,Resultados e Discussão,93,3,24,21,7,3,4,83,4
artigo_189,Conclusão,7,0,3,2,1,0,0,11,0
artigo_189,Agradecimentos,6,0,0,3,0,0,0,5,0
artigo_189,Referências,55,1,2,15,1,0,1,83,2
artigo_190,Introdução,41,1,19,15,8,1,3,60,4
artigo_190,Materiais e Métodos,14,0,1,2,1,0,0,10,0
artigo_190,Resultados e Discussão,96,0,25,27,14,1,7,165,4
artigo_190,Conclusão,6,0,3,3,0,0,1,12,0
artigo_190,Agradecimentos,14,0,0,0,0,0,0,9,0
artigo_190,Referências,33,3,4,10,1,0,0,49,5
artigo_191,Introdução,56,3,9,19,0,2,4,44,0
artigo_191,Materiais e Métodos,30,0,3,3,1,0,4,29,0
artigo_191,Resultados e Discussão,65,0,24,11,9,1,6,80,3
artigo_191,Conclusão,19,0,6,4,0,0,1,15,0
artigo_191,Agradecimentos,5,0,1,0,0,0,0,4,0
artigo_191,Referências,89,8,4,12,0,0,2,57,3
artigo_192,Introdução,45,3,8,12,1,2,3,50,3
artigo_192,Materiais e Métodos,104,1,16,14,3,0,3,117,1
artigo_192,Resultados e Discussão,81,1,23,12,4,1,4,106,2
artigo_192,Conclusão,15,0,3,1,0,0,0,25,0
artigo_192,Agradecimentos,6,0,0,4,0,0,0,6,0
artigo_192,Referências,64,4,1,10,1,0,1,99,2
artigo_193,Introdução,46,1,12,15,4,1,2,39,1
artigo_193,Materiais e Métodos,119,1,20,21,5,0,5,129,4
artigo_193,Resultados e Discussão,33,1,9,6,2,0,0,30,1
artigo_193,Conclusão,6,0,1,1,1,0,0,6,0
artigo_193,Agradecimentos,8,0,2,0,0,0,0,7,0
artigo_193,Referências,39,13,1,10,0,0,0,99,0
artigo_194,Introdução,42,1,12,11,1,2,3,62,1
artigo_194,Materiais e Métodos,87,1,12,12,4,0,4,96,2
artigo_194,Resultados e Discussão,33,1,6,5,7,1,0,43,1
artigo_194,Conclusão,6,0,1,1,1,0,0,7,0
artigo_194,Agradecimentos,8,1,1,0,0,0,0,5,0
artigo_194,Referências,32,18,1,6,0,0,0,95,0
artigo_195,Introdução,31,5,8,13,0,0,0,49,5
artigo_195,Materiais e Métodos,61,0,6,10,3,0,2,88,1
artigo_195,Resultados e Discussão,25,1,15,12,4,0,1,34,1
artigo_195,Conclusão,8,0,2,5,1,0,0,9,0
artigo_195,Agradecimentos,12,0,0,2,0,0,0,14,0
artigo_195,Referências,43,12,0,18,3,0,0,115,0
artigo_196,Introdução,34,1,12,12,4,0,1,74,4
artigo_196,Materiais e Métodos,56,0,6,18,3,0,2,95,2
artigo_196,Resultados e Discussão,70,0,21,12,8,0,1,100,2
artigo_196,Conclusão,3,0,1,2,0,0,0,6,0
artigo_196,Agradecimentos,4,0,0,3,0,0,0,12,0
artigo_196,Referências,61,3,6,11,0,0,0,119,3
artigo_197,Introdução,85,6,23,17,4,0,3,105,10
artigo_197,Materiais e Métodos,9,0,2,2,0,0,0,12,1
artigo_197,Resultados e Discussão,45,1,17,11,2,0,3,50,2
artigo_197,Conclusão,24,0,12,10,1,2,1,36,0
artigo_197,Agradecimentos,0,0,0,0,0,0,0,0,0
artigo_197,Referências,59,1,1,13,0,0,0,68,0
artigo_198,Introdução,92,5,27,27,7,1,2,114,4
artigo_198,Materiais e Métodos,43,1,3,10,1,0,0,68,1
artigo_198,Resultados e Discussão,96,6,21,16,5,2,1,127,4
artigo_198,Conclusão,10,0,1,2,0,0,0,6,0
artigo_198,Agradecimentos,10,0,1,3,0,0,0,15,0
artigo_198,Referências,54,16,3,20,0,0,1,127,4
artigo_199,Introdução,24,2,8,5,1,0,2,38,0
artigo_199,Materiais e Métodos,30,0,6,0,3,0,1,45,0
artigo_199,Resultados e Discussão,129,1,48,23,15,1,8,122,0
artigo_199,Conclusão,35,0,11,7,2,1,2,28,0
artigo_199,Agradecimentos,0,0,0,0,0,0,0,0,0
artigo_199,Referências,36,0,1,11,0,0,0,45,8
artigo_200,Introdução,65,5,16,18,5,2,4,71,2
artigo_200,Materiais e Métodos,43,1,3,11,2,0,0,75,1
artigo_200,Resultados e Discussão,48,4,14,13,5,2,2,66,3
artigo_200,Conclusão,4,0,2,3,0,0,0,6,0
artigo_200,Agradecimentos,10,0,1,3,0,0,0,15,0
artigo_200,Referências,47,4,3,6,1,0,1,92,1
artigo_201,Introdução,25,5,13,26,4,2,3,82,3
artigo_201,Materiais e Métodos,19,0,2,6,1,0,1,37,0
artigo_201,Resultados e Discussão,89,0,30,34,8,3,5,114,5
artigo_201,Conclusão,10,0,2,6,1,0,0,16,0
artigo_201,Agradecimentos,0,0,0,0,0,0,0,0,0
artigo_201,Referências,45,14,1,11,0,0,0,109,0
artigo_202,Introdução,33,0,16,2,5,0,0,51,0
artigo_202,Materiais e Métodos,73,0,18,9,3,0,2,70,0
artigo_202,Resultados e Discussão,57,0,31,16,6,0,2,64,0
artigo_202,Conclusão,27,0,12,2,2,1,3,36,0
artigo_202,Agradecimentos,0,0,0,0,0,0,0,0,0
artigo_202,Referências,24,2,0,3,0,0,0,29,2
artigo_203,Introdução,50,2,20,24,4,1,2,82,5
artigo_203,Materiais e Métodos,60,0,9,13,5,0,5,73,1
artigo_203,Resultados e Discussão,58,1,23,27,5,5,7,57,3
artigo_203,Conclusão,28,0,10,10,4,1,3,44,0
artigo_203,Agradecimentos,34,0,10,14,5,1,3,51,0
artigo_203,Referências,68,11,1,18,0,0,0,94,0
artigo_204,Introdução,2,0,0,2,0,0,0,7,0
artigo_204,Materiais e Métodos,31,1,8,10,3,0,1,48,0
artigo_204,Resultados e Discussão,20,0,7,8,0,0,0,18,0
artigo_204,Conclusão,0,0,0,0,0,0,0,0,0
artigo_204,Agradecimentos,0,0,0,0,0,0,0,0,0
artigo_204,Referências,177,2,45,69,12,1,9,254,0
artigo_205,Introdução,37,1,28,14,4,0,6,53,1
artigo_205,Materiais e Métodos,53,0,7,4,2,0,2,59,1
artigo_205,Resultados e Discussão,20,0,14,10,3,0,0,51,0
artigo_205,Conclusão,59,0,36,17,10,1,4,73,0
artigo_205,Agradecimentos,6,0,1,4,0,0,0,10,0
artigo_205,Referências,22,2,2,5,0,0,0,35,2
artigo_206,Introdução,58,0,23,4,5,0,1,41,0
artigo_206,Materiais e Métodos,45,0,10,3,6,0,0,49,0
artigo_206,Resultados e Discussão,37,0,25,6,5,0,1,30,0
artigo_206,Conclusão,88,0,33,15,10,1,6,93,0
artigo_206,Agradecimentos,0,0,0,0,0,0,0,0,0
artigo_206,Referências,51,2,7,10,0,0,0,59,2
artigo_207,Introdução,54,5,14,16,4,0,2,55,3
artigo_207,Materiais e Métodos,44,1,3,10,1,0,0,77,1
artigo_207,Resultados e Discussão,94,8,17,23,6,2,3,120,6
artigo_207,Conclusão,6,0,1,2,0,0,0,4,0
artigo_207,Agradecimentos,10,0,1,3,0,0,0,23,0
artigo_207,Referências,35,6,2,11,1,0,0,72,2
artigo_208,Introdução,43,3,14,11,4,0,2,53,2
artigo_208,Materiais e Métodos,43,1,3,11,1,0,0,76,1
artigo_208,Resultados e Discussão,49,3,10,16,8,0,3,77,3
artigo_208,Conclusão,4,0,1,1,0,0,0,5,0
artigo_208,Agradecimentos,10,0,1,3,0,0,0,15,0
artigo_208,Referências,45,15,2,17,1,0,1,110,2
artigo_209,Introdução,50,4,16,10,2,4,1,34,3
artigo_209,Materiais e Métodos,18,0,7,3,0,1,1,26,0
artigo_209,Resultados e Discussão,87,0,43,18,8,0,7,132,1
artigo_209,Conclusão,14,0,6,5,1,0,1,12,0
artigo_209,Agradecimentos,7,0,0,2,0,0,0,13,0
artigo_209,Referências,41,4,9,12,0,2,2,60,1
artigo_210,Introdução,1,0,0,1,0,0,0,0,0
artigo_210,Materiais e Métodos,1,0,0,0,0,1,0,1,0
artigo_210,Resultados e Discussão,256,1,95,87,24,15,13,299,11
artigo_210,Conclusão,40,0,17,18,5,0,2,41,0
artigo_210,Agradecimentos,0,0,0,0,0,0,0,0,0
artigo_210,Referências,29,2,1,5,0,0,2,46,0
artigo_211,Introdução,39,1,11,11,4,0,4,55,1
artigo_211,Materiais e Métodos,61,1,15,6,9,0,0,99,1
artigo_211,Resultados e Discussão,68,1,33,9,11,2,6,91,1
artigo_211,Conclusão,13,0,9,2,0,0,0,35,0
artigo_211,Agradecimentos,7,0,0,5,0,0,1,2,0
artigo_211,Referências,74,4,0,20,0,0,2,104,3
artigo_212,Introdução,43,0,35,13,8,0,1,78,2
artigo_212,Materiais e Métodos,44,2,19,6,2,0,2,24,4
artigo_212,Resultados e Discussão,50,0,33,9,14,2,3,76,0
artigo_212,Conclusão,118,0,68,16,24,2,4,153,0
artigo_212,Agradecimentos,10,1,1,1,1,0,0,11,0
artigo_212,Referências,34,1,3,11,0,0,0,72,1
artigo_213,Introdução,4,1,2,0,0,0,1,4,1
artigo_213,Materiais e Métodos,117,4,42,28,6,4,6,141,8
artigo_213,Resultados e Discussão,73,2,30,18,6,1,13,73,2
artigo_213,Conclusão,50,0,19,16,6,0,4,54,0
artigo_213,Agradecimentos,0,0,0,0,0,0,0,0,0
artigo_213,Referências,72,8,7,18,5,0,0,105,1
artigo_214,Introdução,30,3,6,7,2,0,2,89,3
artigo_214,Materiais e Métodos,28,0,5,6,4,0,1,57,1
artigo_214,Resultados e Discussão,57,1,18,23,10,3,2,111,4
artigo_214,Conclusão,4,0,1,1,0,0,0,10,0
artigo_214,Agradecimentos,0,0,0,0,0,0,0,0,0
artigo_214,Referências,33,4,0,12,0,0,0,48,1
artigo_215,Introdução,87,2,23,15,7,3,2,72,1
artigo_215,Materiais e Métodos,59,0,12,12,6,2,2,56,0
artigo_215,Resultados e Discussão,16,0,9,4,4,1,1,25,0
artigo_215,Conclusão,18,0,9,2,1,0,1,26,0
artigo_215,Agradecimentos,0,0,0,0,0,0,0,0,0
artigo_215,Referências,26,1,1,2,2,0,0,61,0
artigo_216,Introdução,20,2,4,9,2,0,2,32,3
artigo_216,Materiais e Métodos,27,2,12,10,2,0,2,38,4
artigo_216,Resultados e Discussão,67,1,18,21,6,0,3,96,1
artigo_216,Conclusão,15,1,12,11,6,2,2,35,0
artigo_216,Agradecimentos,3,0,0,1,0,0,0,9,0
artigo_216,Referências,53,3,6,11,0,0,2,76,3
artigo_217,Introdução,31,5,14,22,7,0,4,85,4
artigo_217,Materiais e Métodos,13,0,2,4,1,0,0,20,0
artigo_217,Resultados e Discussão,69,1,10,26,6,1,4,64,3
artigo_217,Conclusão,5,0,1,6,0,0,0,11,0
artigo_217,Agradecimentos,0,0,0,0,0,0,0,0,0
artigo_217,Referências,80,3,1,35,0,0,1,137,0
artigo_218,Introdução,42,4,13,13,6,0,2,73,4
artigo_218,Materiais e Métodos,45,0,8,11,3,0,2,73,2
artigo_218,Resultados e Discussão,60,3,19,23,4,1,4,108,4
artigo_218,Conclusão,10,0,2,4,0,0,0,13,0
artigo_218,Agradecimentos,10,0,1,4,1,0,0,13,0
artigo_218,Referências,45,13,1,7,0,0,2,97,1
artigo_219,Introdução,65,2,21,25,3,3,4,70,2
artigo_219,Materiais e Métodos,27,0,6,3,3,0,3,34,0
artigo_219,Resultados e Discussão,84,0,19,16,8,2,3,97,0
artigo_219,Conclusão,21,0,6,7,0,1,1,22,0
artigo_219,Agradecimentos,12,0,1,3,0,0,0,12,0
artigo_219,Referências,40,4,3,8,0,0,0,53,1
artigo_220,Introdução,57,2,10,19,3,0,1,55,2
artigo_220,Materiais e Métodos,18,1,2,2,1,0,2,28,0
artigo_220,Resultados e Discussão,79,0,30,11,10,0,4,87,0
artigo_220,Conclusão,14,0,11,2,0,1,1,20,0
artigo_220,Agradecimentos,11,0,1,3,0,0,0,14,0
artigo_220,Referências,27,2,1,7,0,0,0,49,1
artigo_221,Introdução,57,3,20,17,6,3,4,59,3
artigo_221,Materiais e Métodos,71,0,34,23,7,0,3,126,2
artigo_221,Resultados e Discussão,37,0,18,13,9,0,4,49,0
artigo_221,Conclusão,18,0,7,5,3,0,1,20,0
artigo_221,Agradecimentos,7,0,5,4,3,0,2,33,0
artigo_221,Referências,32,4,1,7,0,0,0,49,4
artigo_222,Introdução,50,4,25,14,8,2,6,85,5
artigo_222,Materiais e Métodos,33,1,8,5,5,0,3,109,1
artigo_222,Resultados e Discussão,26,3,15,6,1,0,1,47,3
artigo_222,Conclusão,21,1,8,10,2,2,0,59,0
artigo_222,Agradecimentos,0,0,0,0,0,0,0,0,0
artigo_222,Referências,69,6,2,8,17,0,0,145,2
artigo_223,Introdução,37,4,19,18,5,1,1,76,4
artigo_223,Materiais e Métodos,13,1,2,6,0,0,0,15,0
artigo_223,Resultados e Discussão,61,7,21,16,4,1,5,64,2
artigo_223,Conclusão,18,1,4,3,5,0,3,29,1
artigo_223,Agradecimentos,0,0,0,0,0,0,0,0,0
artigo_223,Referências,74,11,3,19,0,0,4,130,2
artigo_224,Introdução,52,0,7,11,2,1,2,67,1
artigo_224,Materiais e Métodos,37,0,7,6,1,2,3,107,2
artigo_224,Resultados e Discussão,21,0,3,9,1,1,1,37,0
artigo_224,Conclusão,37,0,12,13,2,0,1,54,0
artigo_224,Agradecimentos,8,0,2,1,0,0,0,7,0
artigo_224,Referências,53,2,0,12,0,0,0,71,3
artigo_225,Introdução,44,0,18,10,4,2,2,63,1
artigo_225,Materiais e Métodos,53,0,12,8,3,1,3,124,1
artigo_225,Resultados e Discussão,80,3,12,11,9,1,6,104,4
artigo_225,Conclusão,19,0,9,7,1,1,0,30,0
artigo_225,Agradecimentos,1,0,0,0,0,0,0,8,0
artigo_225,Referências,26,1,1,3,0,0,0,19,2
artigo_226,Introdução,68,1,30,11,6,4,4,102,0
artigo_226,Materiais e Métodos,52,0,24,9,9,2,0,85,0
artigo_226,Resultados e Discussão,71,0,20,17,6,2,1,110,1
artigo_226,Conclusão,27,2,14,5,2,0,0,44,1
artigo_226,Agradecimentos,5,1,2,0,0,0,0,8,0
artigo_226,Referências,36,6,3,7,0,0,0,69,0
artigo_227,Introdução,59,5,14,13,3,0,2,54,4
artigo_227,Materiais e Métodos,35,1,3,4,1,0,0,55,1
artigo_227,Resultados e Discussão,57,2,21,14,6,2,3,62,4
artigo_227,Conclusão,6,0,2,3,1,0,0,7,0
artigo_227,Agradecimentos,10,0,1,3,0,0,0,15,0
artigo_227,Referências,43,13,1,14,0,0,0,112,1
artigo_228,Introdução,70,1,32,14,15,1,5,115,4
artigo_228,Materiais e Métodos,24,1,8,3,0,0,1,61,1
artigo_228,Resultados e Discussão,53,4,31,12,5,3,8,79,6
artigo_228,Conclusão,13,0,6,1,0,1,1,19,0
artigo_228,Agradecimentos,4,0,0,0,0,0,0,15,0
artigo_228,Referências,63,11,8,19,1,0,0,119,1
artigo_229,Introdução,39,0,13,17,4,0,0,50,2
artigo_229,Materiais e Métodos,1,0,1,0,0,0,0,0,0
artigo_229,Resultados e Discussão,89,2,25,20,5,1,9,130,0
artigo_229,Conclusão,20,0,8,1,1,2,1,22,0
artigo_229,Agradecimentos,7,0,0,7,0,0,0,9,0
artigo_229,Referências,11,6,1,3,0,0,0,19,0
artigo_230,Introdução,55,1,27,27,7,2,2,154,4
artigo_230,Materiais e Métodos,28,2,11,5,3,0,2,50,2
artigo_230,Resultados e Discussão,37,0,13,4,5,1,3,65,1
artigo_230,Conclusão,11,0,2,2,0,0,2,15,0
artigo_230,Agradecimentos,0,0,0,0,0,0,0,0,0
artigo_230,Referências,53,3,1,11,1,0,1,93,5
artigo_231,Introdução,50,4,16,6,5,1,3,76,2
artigo_231,Materiais e Métodos,22,0,3,2,2,0,4,72,1
artigo_231,Resultados e Discussão,79,3,29,17,13,0,7,168,4
artigo_231,Conclusão,6,0,4,1,3,0,1,14,0
artigo_231,Agradecimentos,0,0,0,0,0,0,0,0,0
artigo_231,Referências,65,9,5,15,2,0,0,156,2
artigo_232,Introdução,58,5,13,11,3,0,2,52,4
artigo_232,Materiais e Métodos,35,1,3,4,1,0,0,55,1
artigo_232,Resultados e Discussão,59,4,18,9,1,1,0,50,3
artigo_232,Conclusão,3,0,1,1,0,0,0,5,0
artigo_232,Agradecimentos,10,0,1,3,0,0,0,15,0
artigo_232,Referências,37,14,1,10,0,0,0,117,1
artigo_233,Introdução,35,2,9,10,4,1,1,55,2
artigo_233,Materiais e Métodos,57,1,9,9,2,0,2,96,1
artigo_233,Resultados e Discussão,39,1,15,7,5,1,1,62,1
artigo_233,Conclusão,22,0,8,8,2,1,2,32,0
artigo_233,Agradecimentos,0,0,0,0,0,0,0,0,0
artigo_233,Referências,51,8,3,7,2,0,0,79,0
artigo_234,Introdução,57,0,24,16,5,2,6,100,4
artigo_234,Materiais e Métodos,34,0,4,9,6,0,5,95,3
artigo_234,Resultados e Discussão,65,2,31,15,7,2,7,99,3
artigo_234,Conclusão,20,0,8,1,1,3,0,43,0
artigo_234,Agradecimentos,0,0,0,0,0,0,0,0,0
artigo_234,Referências,53,1,4,15,2,0,0,93,1
artigo_235,Introdução,36,4,15,13,6,1,2,62,4
artigo_235,Materiais e Métodos,27,1,7,7,3,0,1,90,2
artigo_235,Resultados e Discussão,79,2,30,23,9,2,1,197,3
artigo_235,Conclusão,8,0,2,4,0,0,1,28,0
artigo_235,Agradecimentos,4,0,0,1,0,0,0,3,0
artigo_235,Referências,22,8,6,8,0,0,1,113,3
artigo_236,Introdução,43,1,14,13,4,1,2,42,4
artigo_236,Materiais e Métodos,31,0,11,5,3,0,1,32,1
artigo_236,Resultados e Discussão,46,0,29,11,4,1,2,55,0
artigo_236,Conclusão,23,1,11,10,0,1,2,18,2
artigo_236,Agradecimentos,3,0,0,0,0,0,0,6,0
artigo_236,Referências,53,19,4,10,0,0,1,88,2
