area_tematica,titulo_do_trabalho
Resumo Expandido - Ensino Médio,SAÚDE MENTAL DOS DISCENTES DO CURSO TÉCNICO EM ENFERMAGEM: ANÁLISE DO PERÍODO PANDÊMICO
Resumo Expandido - Ensino Médio,ANÁLISE DAS PUBLICAÇÕES SOBRE SAÚDE MENTAL DOS DISCENTES BRASILEIROS DURANTE A COVID-19: REVISÃO DA LITERATURA
Resumo Expandido - Ensino Médio,"CARACTERIZAÇÃO SOCIOECONÔMICA DOS AGRICULTORES FAMILIARES DA COMUNIDADE DOS PEREIRA, MUNICÍPIO DE ÁGUAS FORMOSAS/MG"
Resumo Expandido - Ensino Médio,PLANEJAMENTO ESTRATÉGICO: ESTUDO DE CASO EM UM MICRO EMPREENDIMENTO INDIVIDUAL (MEI) NA CIDADE DE ÁGUAS FORMOSAS/MG SOB A ÓPTICA DO IMPACTO DA PANDEMIA DE COVID-19
Resumo Expandido - Ensino Médio,QUÍMICA NO COTIDIANO: COMO AS PESSOAS PERCEBEM A QUÍMICA
Resumo Expandido - Ensino Médio,MOVIMENTO TERRAPLANISTA E SUA INFLUÊNCIA NOS ALUNOS DO ENSINO MÉDIO DO IFNMG CAMPUS AVANÇADO JANAÚBA
Resumo Expandido - Ensino Médio,MAPEANDO TRÊS DÉCADAS DE TRANSFORMAÇÕES NO TERRITÓRIO NORTE MINEIRO USANDO GEOPROCESSAMENTO
Resumo Expandido - Ensino Médio,ENSINO TÉCNICO E AS DESIGUALDADES DE GÊNERO: O PAPEL DO ENSINO MÉDIO TÉCNICO NAS DESIGUALDADES DE ACESSO À EDUCAÇÃO SUPERIOR
Resumo Expandido - Ensino Médio,ESTUDO DOS PÁSSAROS EM GRANDE SERTÃO: VEREDAS
Resumo Expandido - Ensino Médio,ANÁLISE DE DADOS ESPACIAIS NA FISCALIZAÇÃO AMBIENTAL NA MICRORREGIÃO DE DIAMANTINA
Resumo Expandido - Ensino Médio,AÇÃO ANTI-HELMÍNTICA DA FOLHA DE BANANA MARMELO NO CONTROLE DE HAEMONCHUS SPP. EM OVINOS DA RAÇA SANTA INÊS
Resumo Expandido - Ensino Médio,"CARACTERIZAÇÃO DO PERFIL DOS CONSUMIDORES DE CARNE CAPRINA NO MUNICÍPIO DE UBERLÂNDIA, MINAS GERAIS"
Resumo Expandido - Ensino Médio,"CARACTERIZAÇÃO DO PERFIL DOS CONSUMIDORES DE CARNE OVINA NO MUNICÍPIO DE UBERLÂNDIA, MINAS GERAIS"
Resumo Expandido - Ensino Médio,O PERFIL DOS PRÉ-EGRESSOS E DOS EGRESSOS DOS CURSOS TÉCNICOS DO IFNMG CAMPUS AVANÇADO JANAÚBA
Resumo Expandido - Ensino Médio,A FALTA DE OPORTUNIDADES DE TRABALHO PARA O MENOR APRENDIZ
Resumo Expandido - Ensino Médio,TRILHA INTERATIVA: ESTUDO MORFOLÓGICO DE CAULES E RAÍZES DE ANGIOSPERMAS
Resumo Expandido - Ensino Médio,DESAFIOS NA ATIVIDADE APÍCOLA NO VALE DO JEQUITINHONHA E MUCURI
Resumo Expandido - Ensino Médio,CARACTERÍSTICAS MORFOLÓGICAS E PRODUTIVAS DA PALMA FORRAGEIRA
Resumo Expandido - Ensino Médio,EVASÃO DISCENTE NO CURSO DE TÉCNICO EM MEIO AMBIENTE INTEGRADO AO ENSINO MÉDIO: UM ESTUDO DE CASO NO IFNMG/CAMPUS JANUÁRIA
Resumo Expandido - Ensino Médio,APLICATIVOS PARA DOAÇÃO: UM ESTUDO INICIAL
Resumo Expandido - Ensino Médio,"CORRELAÇÃO DE CARACTERÍSTICAS AGRONÔMICAS DE GENÓTIPOS DE GIRASSOL CULTIVADOS EM JANUÁRIA-MG, SAFRA 2021/2022"
Resumo Expandido - Ensino Médio,DARCY RIBEIRO E A CULTURA POLÍTICA TRABALHISTA NO GOVERNO JOÃO GOULART (1961-1964)
Resumo Expandido - Ensino Médio,MINDBOX: UMA PLATAFORMA PARA COMPARTILHAMENTO DE IDEIAS
Resumo Expandido - Ensino Médio,SEU LIVRO AQUI: O APLICATIVO QUE FACILITA A PESQUISAS DE LIVROS
Resumo Expandido - Ensino Médio,CARRINHO - UM PROTÓTIPO COMPARADOR DE PREÇOS PARA MERCADOS
Resumo Expandido - Graduação,FUNCIONALIZAÇÃO COM GLUTARALDEÍDO DE UM MICROELETRODO DE CARBONO IMPRESSO PARA DETECÇÃO DE PACIENTES COM COVID-19
Resumo Expandido - Graduação,"PRODUTIVIDADE DO SORGO FORRAGEIRO, FEIJÃO-GUANDU E CAPIM PAIAGUÁS EM CULTIVO SOLTEIRO E CONSORCIADO"
Resumo Expandido - Graduação,OS IMPACTOS DA PANDEMIA DE COVID-19 AOS MIGRANTES PEDROSSEGUNDENSES QUE RESIDEM NO ESTADO DE SÃO PAULO
Resumo Expandido - Graduação,PADRONIZAÇÃO DA TEMPERATURA DO TESTE DE GERMINAÇÃO PARA SEMENTES CEIBA SPECIOSA ST. HIL AO LONGO DO ARMAZENAMENTO
Resumo Expandido - Graduação,AVALIAÇÃO DO DESENVOLVIMENTO PÓS-PLANTIO DE ESPÉCIES NATIVAS DO BRASIL EM ÁREA URBANA DE ALMENARA- MG
Resumo Expandido - Graduação,AVALIAÇÃO DE FORRAGEIRAS TROPICAIS DIFERIDAS COMO ESTRATÉGIA DE MANEJO DE PASTAGENS NO PERÍODO DE TRANSIÇÃO ÁGUAS-SECA
Resumo Expandido - Graduação,PRODUTIVIDADE DO SORGO EM CONSÓRCIO COM GUANDU E CAPIM MASSAI
Resumo Expandido - Graduação,ESCRITURAÇÃO ZOOTÉCNICA EM APIÁRIOS DO VALE DO JEQUITINHONHA E MUCURI
Resumo Expandido - Graduação,APICULTURA 4.0 NA VISÃO DOS APICULTORES DO VALE DO JEQUITINHONHA E MUCURI
Resumo Expandido - Graduação,LEVANTAMENTO FLORÍSTICO DA TRILHA AGROECOLÓGICA DO IFNMG - CAMPUS ARAÇUAÍ
Resumo Expandido - Graduação,"NÚMERO DE VAGENS DE FEIJÃO-CAUPI (VIGNA UNGUICULATA), SUBCLASSE CORES, EM JANUÁRIA, NORTE DE MINAS GERAIS"
Resumo Expandido - Graduação,DESEMPENHO DE SUÍNOS NAS FASES DE CRESCIMENTO E TERMINAÇÃO SUBMETIDOS À ALIMENTAÇÃO COM RAÇÃO SECA E ÚMIDA
Resumo Expandido - Graduação,QUATRO DÉCADAS DE ARMAZENAMENTO ESTÁTICO DAS MAIORES REGIÕES PRODUTORAS DE GRÃOS NO BRASIL
Resumo Expandido - Graduação,PÁPRICA COMO AGENTE ATENUANTE DO ESTRESSE SALINO NA GERMINAÇÃO DE SEMENTES DE ALFACE
Resumo Expandido - Graduação,CARACTERIZAÇÃO DE QUATRO GENÓTIPOS DE FEIJÃO FAVA
Resumo Expandido - Graduação,I-LINE: SISTEMA PARA GESTÃO DE FILAS DE ESPERA EM RESTAURANTES E LANCHONETES
Resumo Expandido - Graduação,ESTRATÉGIAS PARA ADAPTAÇÃO AO ENSINO REMOTO: ASPECTOS RELATIVOS À PRODUTIVIDADE E DESEMPENHO ACADÊMICO NA PANDEMIA
Resumo Expandido - Graduação,UM RELATO DE EXPERIÊNCIA SOBRE OS ESTUDANTES DO ENSINO FUNDAMENTAL
Resumo Expandido - Graduação,DIAGNÓSTICO DE INDICADORES HIGIÊNICO-SANITÁRIOS NA PRODUÇÃO DE QUEIJO COZIDO EM SALINAS-MG
Resumo Expandido - Graduação,CASTRAÇÃO COMO AUXÍLIO NO CONTROLE POPULACIONAL DE CÃES E GATOS NO MUNICÍPIO DE SALINAS - MG
Resumo Expandido - Graduação,"DETERMINAÇÃO DE COBRE E ZINCO EM SUCOS INDUSTRIALIZADOS COMERCIALIZADOS NA CIDADE DE VITÓRIA DA CONQUISTA, BA"
Resumo Expandido - Graduação,APICULTURA ORGÂNICA NO VALE DO JEQUITINHONHA E MUCURI
Resumo Expandido - Graduação,MEMÓRIA E HISTÓRIA DE COMUNIDADES TRADICIONAIS DO VALE DO JEQUITINHONHA: ESTUDO SOBRE A COMUNIDADE SÃO MARCOS ARAÇUAÍ-MG
Resumo Expandido - Graduação,LEVANTAMENTO DAS PRODUÇÕES CIENTÍFICAS SOBRE O MUNDO AGRÁRIO/RURAL NO INSTITUTO FEDERAL DO NORTE DE MINAS GERAIS - IFNMG
Resumo Expandido - Graduação,PANDEMIA DO COVID - 19 E EDUCAÇÃO: OS DESAFIOS ENFRENTADOS PELOS PAIS DURANTE ENSINO REMOTO
Resumo Expandido - Graduação,MÓDULO DIDÁTICO PARA O ENSINO DE CIRCUITOS ELÉTRICOS
Resumo Expandido - Graduação,FERRAMENTAS TECNOLÓGICAS PARA AUXILIAR O PROCESSO DE ENSINO E APRENDIZAGEM DAS PESSOAS COM DEFICIÊNCIA
Resumo Expandido - Graduação,NUTRIENTES DIGESTÍVEIS TOTAIS DOS CAPINS UROCHLOA VERSUS BUFFEL ÁRIDUS E ESTIMATIVA DE GANHO DE PESO DE BOVINOS NO PERÍODO DE OUTONO NO SEMIÁRIDO DO NORTE MINEIRO
Resumo Expandido - Graduação,COMPOSIÇÃO PROTEICA DOS CAPINS UROCHLOA E BUFFEL ÁRIDUS NO PERÍODO DE OUTONO NA REGIÃO DO SEMIÁRIDO NORTE MINEIRO
Resumo Expandido - Graduação,NÚMERO DE MASTIGAÇÕES MERÍCICAS DE VACAS LEITEIRAS ALIMENTADAS COM FARELO DE PALMA FORRAGEIRA EM SUBSTITUIÇÃO AO MILHO GRÃO
Resumo Expandido - Graduação,A APLICAÇÃO DO ENDOMARKETING NA FATEC ZONA LESTE: NA VISÃO DOS DOCENTES DO CURSO DE GESTÃO EMPRESARIAL
Resumo Expandido - Graduação,GERMINAÇÃO E CRESCIMENTO DE PLÂNTULA DA CULTIVAR DE MILHO BRS 3046
Resumo Expandido - Graduação,TOXICIDADE DO 3-CARENO SOBRE ADULTOS DE SITOPHILUS ZEAMAIS PRESENTES EM GRÃOS DE MILHO
Resumo Expandido - Graduação,CÚRCUMA (CURCUMA LONGA L.): BIOESTIMULANTE EM SEMENTES DE ALFACE
Resumo Expandido - Graduação,TOXICIDADE DO ÓLEO DE SCHINUS TEREBINTHIFOLIUS RADDI E 3-CARENO NO SITOPHILUS ZEAMAIS MOTSCHULSKY EM GRÃOS DE MILHO
Resumo Expandido - Graduação,AVALIAÇÃO DA EFICÁCIA DE OVINOS TRATADOS COM MONEPANTEL NA REGIÃO METROPOLITANA DE UMUARAMA - PARANÁ
Resumo Expandido - Graduação,O INSTAGRAM COMO FERRAMENTA DE DIVULGAÇÃO CIENTÍFICA DO LABORATÓRIO DE ANÁLISES E COMPORTAMENTO DE INSETOS DO IFNMG - CAMPUS SALINAS
Resumo Expandido - Graduação,"RIQUEZA, ABUNDÂNCIA E COMPORTAMENTO TEMPORAL DOS VISITANTES FLORAIS DE CALLIANDRA ASPLENIOIDES (NEES) RENVOIZE (FABACEAE – MIMOSOIDAE)"
Resumo Expandido - Graduação,DIFICULDADES NA APRENDIZAGEM DE GENÉTICA APONTADAS POR ALUNOS DO ENSINO MÉDIO
Resumo Expandido - Graduação,MORFOLOGIA DE CULTIRVARES COMERCIAIS DE FEIJÃO-CAUPI CULTIVADO NO NORTE DE MINAS GERAIS - SAFRA 2021
Resumo Expandido - Graduação,COMPRIMENTO E NÚMERO DE VAGENS DE CULTIVARES COMERCIAIS DE FEIJÃO-CAUPI CULTIVADOS NO NORTE DE MINAS GERAIS – SAFRA 2021
Resumo Expandido - Graduação,"COMPRIMENTO DE VAGENS E NÚMEROS DE GRÃOS DO FEIJÃO MUNGO VERDE ( VIGNA RADIATA - FABACEAE), EM DIFERENTES DENSIDADES DE PLANTAS"
Resumo Expandido - Graduação,DETERMINAÇÃO E ANÁLISE DA ALCALINIDADE E RELAÇÃO AI/AP EM BIOMASSA NA PRODUÇÃO DE BIOGÁS
Resumo Expandido - Graduação,A IMPORTÂNCIA DO USO DOS PICTOGRAMAS NA INTERVENÇÃO DE ACIDENTES LIGADOS À SAÚDE HUMANA E AO MEIO AMBIENTE
Resumo Expandido - Graduação,OS FATORES ABIÓTICOS E A ESTRUTURA DAS PLÂNTULAS DE ANADENANTHERA PEREGRINA (FABACEAE) EXPLICAM A CONCENTRAÇÃO DE AÇÚCAR DOS NECTÁRIOS EXTRAFLORAIS?
Resumo Expandido - Graduação,RELATO DE EXPERIÊNCIA: O USO DE MODELOS DIDÁTICOS CONSTRUÍDOS COM MASSINHA DE MODELAR COMO PROPOSTA DE REVISÃO DO CONTEÚDO DE CITOLOGIA
Resumo Expandido - Graduação,APLICAÇÃO DE ALGORITMOS GENÉTICOS PARA O PROBLEMA DE ALOCAÇÃO DE HORÁRIOS ESCOLAR DO IFNMG – CAMPUS SALINAS
Resumo Expandido - Graduação,BOLSISTAS PIBID E AS INTERVENÇÕES PEDAGÓGICAS ATRAVÉS DAS AULAS REMOTAS
Resumo Expandido - Graduação,"FATORES SOCIOAMBIENTAIS E SUA CONTRIBUIÇÃO PARA A PREVALÊNCIA DA ESQUISTOSSOMOSE NO DISTRITO DO BREJO DO AMPARO, JANUÁRIA-MG"
Resumo Expandido - Graduação,QUALIDADE MICROBIOLÓGICA DA ÁGUA UTILIZADA PARA IRRIGAÇÃO DE HORTALIÇAS PRODUZIDAS E COMERCIALIZADAS EM UMA COMUNIDADE RURAL DO MUNICÍPIO DE JANUÁRIA-MG
Resumo Expandido - Graduação,ALFACE E RABANETE EM CONSÓRCIO SOB ADUBAÇÃO ORGÂNICA
Resumo Expandido - Graduação,INCIDÊNCIA DE CÂNCER DE MAMA NO MUNICÍPIO DE JANUÁRIA-MG NO PERÍODO DE 2014-2020
Resumo Expandido - Graduação,EDUCAÇÃO ALIMENTAR NAS ESCOLAS DA REDE ESTADUAL DE ENSINO DA CIDADE DE PEDRAS DE MARIA DA CRUZ-MG
Resumo Expandido - Graduação,USO DE TÉCNICAS DE INTELIGÊNCIA COMPUTACIONAL NA IDENTIFICAÇÃO DA SIGATOKA-AMARELA EM BANANEIRAS
Resumo Expandido - Graduação,CARACTERIZAÇÃO E EXTRAÇÃO DE PECTINA DA CASCA DE PALMA FORRAGEIRA (OPUNTIA FÍCUS-INDICA) E ELABORAÇÃO DE GELEIA DE MARACUJÁ (PASSIFLORA EDULIS SIMS)
Resumo Expandido - Graduação,"AVALIAÇÃO MICROBIOLÓGICA DAS CONDIÇÕES DE HIGIENE E SANITIZAÇÃO DOS TALHERES, PRATOS E BANDEJAS UTILIZADOS NO REFEITÓRIO DO INSTITUTO FEDERAL DO NORTE DE MINAS-CAMPUS SALINAS"
Resumo Expandido - Graduação,"REVESTIMENTO COMESTÍVEL À BASE AMIDO DE MANDIOCA E FARELO DA CASCA DE MARACUJÁ DO CAMPO, ENRIQUECIDO COM ÓLEO ESSENCIAL DE CRAVO-DA-ÍNDIA (SYZYGIUM AROMATICUM), NA CONSERVAÇÃO DA GOIABA (PSIDIUM GUAJAVA)."
Resumo Expandido - Graduação,AVALIAÇÃO DOS EFEITOS DO CONGELAMENTO RÁPIDO E LENTO EM BATATAS E CENOURAS BRANQUEADAS
Resumo Expandido - Graduação,ÍNDICES DE VEGETAÇÃO COMO INDICADORES ESPECTRAIS DE COBERTURA VEGETAL PARA MONITORAMENTO DE PROJETOS DE RESTAURAÇÃO ECOLÓGICA
Resumo Expandido - Graduação,ATRIBUTOS FUNCIONAIS DE ESPÉCIES: CRITÉRIOS PARA SELEÇÃO NA SEMEADURA DIRETA EM RESTAURAÇÃO ECOLÓGICA
Resumo Expandido - Graduação,A CULTURA DA SOJA NO MARANHÃO: DESAFIOS E POSSIBILIDADES PARA OS PRODUTORES
Resumo Expandido - Graduação,TRAJETÓRIAS FEMININAS NOS PROCESSOS MIGRATÓRIOS NO VALE DO JEQUITINHONHA: UM LEVANTAMENTO A PARTIR DAS PESQUISAS SOBRE MIGRAÇÃO.
Resumo Expandido - Graduação,PROJETO EDUCAÇÃO AMBIENTAL: ANÁLISE DA QUALIDADE DA ÁGUA - ASPECTOS FÍSICOS-QUÍMICOS NO IFNMG CAMPUS SALINAS-MG
Resumo Expandido - Graduação,DETERMINAÇÃO DO PERÍODO DE PERMANÊNCIA EM VIVEIRO DE MUDAS DE ALBIZIA LEBBECK (L.) BENTH. PRODUZIDAS EM DIFERENTES VOLUMETRIAS DE TUBETES
Resumo Expandido - Graduação,IDADE ÓTIMA PARA EXPEDIÇÃO DE MUDAS DE PELTOPHORUM DUBIUM (SPRENGEL) TAUBERT E PLATHYMENIA RETICULATA BENTH. EM FUNÇÃO DA VOLUMETRIA DO RECIPIENTE
Resumo Expandido - Graduação,DIFERENTES NÍVEIS DE SALINIDADE NA GERMINAÇÃO DE SEMENTES DE DALBERGIA MISCOLOBIUM BENTH.
Resumo Expandido - Graduação,PRODUTIVIDADE DO AÇAFRÃO (CURCUMA LONGA .L) COM DIFERENTES MASSAS DE RIZOMAS
Resumo Expandido - Graduação,TREINAMENTO E AVALIAÇÃO DA REDE NEURAL CONVOLUCIONAL YOLO PARA O RECONHECIMENTO AUTOMÁTICO DE PLACAS VEICULARES
Resumo Expandido - Graduação,"POSSEIROS, MEEIROS E ASSENTADOS DA REGIÃO DE BARRA DA VACA: MEMÓRIA, TERRITORIALIDADE E VIOLÊNCIA NOS SERTÕES DO URUCUIA"
Resumo Expandido - Graduação,UM ESTUDO SOBRE O NÍVEL DE SATISFAÇÃO DE CLIENTES DE UM SUPERMERCADO EM ARAÇUAÍ-MG.
Resumo Expandido - Graduação,AS MELHORES FERRAMENTAS CONTEMPORÂNEAS A SEREM UTILIZADAS EM GESTÃO DE SERVIÇOS
Resumo Expandido - Graduação,CARACTERIZAÇÃO FÍSICO-QUÍMICA DO ÓLEO DE PINHÃO-MANSO (JATROPHA CURCAS) PROVENIENTE DO NORTE DE MINAS GERAIS
Resumo Expandido - Graduação,ANÁLISE DA EFICIÊNCIA ENERGÉTICA DO SISTEMA DE ILUMINAÇÃO NO IFNMG CAMPUS TEÓFILO OTONI
Resumo Expandido - Graduação,DETECÇÃO E RASTREAMENTO DE FACE UTILIZANDO VISÃO COMPUTACIONAL E ARDUINO
Resumo Expandido - Graduação,PROTOCOLO PARA SÍNTESE DE POLIANILINA PARA DESENVOLVIMETO DE DISPOSITIVOS SEMICONDUTORES ORGÂNICOS
Resumo Expandido - Graduação,AVALIAÇÃO DO CRESCIMENTO VEGETATIVO DA PALMA FORRAGEIRA CULTIVAR MIÚDA EM FUNÇÃO DA ADUBAÇÃO
Resumo Expandido - Graduação,“EFICIÊNCIA IN VITRO DE TRÊS DILUIDORES PARA A CRIOPRESERVAÇÃO DO SÊMEN DE COELHOS (ORYCTOLAGUS CUNICULUS)”
Resumo Expandido - Graduação,ANÁLISE DA REALIDADE AUMENTADA EM RELAÇÃO AO CONHECIMENTO DA POPULAÇÃO TEÓFILO-OTONENSE
Resumo Expandido - Graduação,IDENTIFICAÇÃO DOS PRINCIPAIS MICRORGANISMOS EM OTITE EXTERNA CANINA
Resumo Expandido - Graduação,AVALIAÇÃO DA GERMINAÇÃO DE SEMENTES DE GIRASSOL VARIEDADE BRS 323 SUBMETIDAS A DIFERENTES POTENCIAIS OSMÓTICOS DE SOLUÇÃO DE CLORETO DE SÓDIO
Resumo Expandido - Graduação,ANÁLISE DE RÓTULOS DE PESCADO COMERCIALIZADO EM SUPERMERCADOS DO MUNICÍPIO DE SALINAS-MG
Resumo Expandido - Graduação,A BAIXA ROTATIVIDADE ENTRE OS PRINCÍPIOS ATIVOS DISPONÍVEIS EM DIFERENTES MARCAS COMERCIAIS DE ANTI-HELMÍNTICOS PARA USO EM RUMINANTES
Resumo Expandido - Graduação,ANÁLISE DA REGULARIZAÇÃO DE IMÓVEIS RESIDENCIAIS URBANOS EM JANUÁRIA - MG
Resumo Expandido - Graduação,PRODUÇÃO DE COUVE MANTEIGA EM RESPOSTA A APLICAÇÃO DE ESTERCO BOVINO
Resumo Expandido - Graduação,DESEMPENHO AGRONÔMICO DO MILHO CONSORCIADO COM CAPIM TAMANI
Resumo Expandido - Graduação,UNIDADE DE REFERÊNCIA TECNOLÓGICA: INTEGRAÇÃO DE SORGO E CAPIM PAIAGUÁS
Resumo Expandido - Graduação,MAXIMIZAÇÃO DA INJEÇÃO DE GERAÇÃO SOLAR FOTOVOLTAICA COM BASE NA OTIMIZAÇÃO DA CONEXÃO DE USINAS EM SISTEMAS INTERLIGADOS ALIMENTADA POR DADOS METEOROLÓGICOS DO NORTE DE MINAS GERAIS
Resumo Expandido - Graduação,DIAGNÓSTICO E PROPOSTAS DE CORREÇÕES DE TRINCAS DE UMA EDIFICAÇÃO ESCOLAR INSPECIONADA EM JANUÁRIA/MG
Resumo Expandido - Graduação,A INCLUSÃO DA TECNOLOGIA COMO ALTERNATIVA PARA A DEMOCRATIZAÇÃO DA EDUCAÇÃO
Resumo Expandido - Graduação,CÚRCUMA APLICADA EM SEMENTES DE ALFACE: ATENUADOR DO ESTRESSE SALINO NA GERMINAÇÃO
Resumo Expandido - Graduação,DESEMPENHO DE LEITÕES CONSIDERADOS DE BAIXA VIABILIDADE E SEU IMPACTO DENTRO DO SISTEMA DE PRODUÇÃO DE SUÍNOS
Resumo Expandido - Graduação,INDUÇÃO E SINCRONIZAÇÃO DO ESTRO DE FÊMEAS SUÍNAS ATRAVÉS DE GONADOTROFINAS E SUA VIABILIDADE ECONÔMICA EM GRANJA COMERCIAL
Resumo Expandido - Graduação,RIO SÃO FRANCISCO: ESTUDO DE CASO DOS IMPACTOS AMBIENTAIS EM PIRAPORA-MG
Resumo Expandido - Graduação,PLÂNTULAS DE ALFACE SOB DOSES DE CÚRCUMA E ESTRESSE SALINO
Resumo Expandido - Graduação,DETERMINAÇÃO DE FÓSFORO EM VARIEDADES DE CANA-DE-AÇÚCAR PARA AS CONDIÇÕES DE CLIMA E SOLO DE DIAMANTINA – MG.
Resumo Expandido - Graduação,ACÚMULO DE MAGNÉSIO EM CINCO VARIEDADES DE CANA-DE-AÇÚCAR (SACCHARUM SPP.) NA REGIÃO DE DIAMANTINA – MG.
Resumo Expandido - Graduação,"DISPONIBILIDADE DE POTÁSSIO EM CULTIVARES DE CANA-DE-AÇÚCAR NO CICLO FINAL DA CANA-SOCA, PRODUZIDAS EM DIAMANTINA – MG."
Resumo Expandido - Graduação,PRODUÇÃO DE ENZIMAS A PARTIR DE FUNGOS TRICHODERMA SP. ENCONTRADOS NA REGIÃO DO NORTE DE MINAS GERAIS
Resumo Expandido - Graduação,INDICE DE CRESCIMENTO SEMANAL DE BRASSICA NAPUS EM REGIÕES PRODUTORAS NO MUNDO
Resumo Expandido - Graduação,LEVANTAMENTO E ANÁLISE DOS PROCESSOS DE PRODUÇÃO DA PADARIA DE UM SUPERMERCADO EM ARAÇUAÍ - MG
Resumo Expandido - Graduação,"ANÁLISE EPIDEMIOLÓGICA DA DOENÇA DE CHAGAS NO MUNICÍPIO DE MONTES CLAROS, MINAS GERAIS"
Resumo Expandido - Graduação,SEGURANÇA DA INFORMAÇÃO: POR QUÊ E COMO IMPLANTÁ-LA?
Resumo Expandido - Graduação,USO DE TECNOLOGIA DA INFORMAÇÃO NA CÁRITAS DIOCESANA DE JANUÁRIA
Resumo Expandido - Graduação,PRODUÇÃO DE BEBIDA FERMENTADA A PARTIR DE SEMENTES DE SORGO VASSOURA (SORGHUM BICOLOR L. MOENCH)
Resumo Expandido - Graduação,MONITOR DE NOTÍCIAS: SISTEMA PARA ANALISAR CONTEÚDOS PUBLICADOS EM SITES DA GRANDE MÍDIA E NA REDE SOCIAL TWITTER NO CONTEXTO BRASILEIRO
Resumo Expandido - Graduação,APLICAÇÃO DE SEGURANÇA DA INFORMAÇÃO EM AMBIENTES VIRTUAIS DE APRENDIZAGEM
Resumo Expandido - Graduação,LIMITES DA LIBERDADE DE EXPRESSÃO: USO CONSCIENTE DAS INFORMAÇÕES NAS REDES SOCIAIS
Resumo Expandido - Graduação,CARACTERIZAÇÃO FÍSICO-HÍDRICA DO SOLO EM DIFERENTES USOS E COBERTURAS DA TERRA NA BACIA DO RIO DOS COCHOS
Resumo Expandido - Graduação,IMPLEMEMTAÇÃO DE MÓDULO DIDÁTICO APLICADO AO CONTEÚDO DE ELETRICIDADE BÁSICA E CIRCUITOS ÉLETRICOS PARA ALUNOS DO ENSINO MÉDIO EM ESCOLAS PÚBLICAS
Resumo Expandido - Graduação,IMPLEMEMTAÇÃO DE MÓDULO DIDÁTICO APLICADO AO CONTEÚDO DE ELETRICIDADE BÁSICA E CIRCUITOS ÉLETRICOS PARA ALUNOS DO ENSINO MÉDIO EM ESCOLAS PÚBLICAS
Resumo Expandido - Graduação,PRODUTIVIDADE DO CAPIM ELEFANTE CV. BRS CAPIAÇU AOS 120 DIAS DE REBROTA
Resumo Expandido - Graduação,DENSIDADE NA BANDEJA E DOSES DE ADUBO DE LIBERAÇÃO LENTA SOBRE A PRODUÇÃO DE MUDAS DE CANAFÍSTULA
Resumo Expandido - Graduação,CONSERVAÇÃO DE PEÇAS ANATÔMICAS COM GLICERINA 98% E SEUS ASPECTOS DE TEXTURA E ODOR.
Resumo Expandido - Graduação,EXTRAÇÃO DE DADOS DE PRODUÇÃO CIENTÍFICA DOS ANAIS DO SEMINÁRIO DE INICIAÇÃO CIENTÍFICA DO IFNMG (2009 A 2021)
Resumo Expandido - Graduação,COMPOSIÇÃO MINERAL DOS CAPINS UROCHLOA E BUFFEL ÁRIDUS NO PERÍODO DE OUTONO NA REGIÃO DO SEMIÁRIDO NORTE MINEIRO
Resumo Expandido - Graduação,ESTIMATIVA DO CONSUMO E DA PRODUÇÃO DE LEITE DE BOVINOS EM PASTAGENS DE UROCHLOA VERSUS BUFFEL ÁRIDUS NO PERÍODO DE OUTONO NO SEMIÁRIDO NORTE MINEIRO.
Resumo Expandido - Graduação,A BAIXA REPRESENTATIVIDADE DO GÊNERO FEMININO NA CÂMERA LEGISLATIVA DE JANUÁRIA – MG
Resumo Expandido - Graduação,DESENVOLVIMENTO DE UM MODELO DE SOBREVIDA EM PACIENTES COM SRAG POR COVID-19 NO BRASIL
Resumo Expandido - Graduação,GANHO DE PESO DE NOVILHAS NELORE SUPERPRECOCES SUPLEMENTADAS A PASTO NO MÊS DE JULHO
Resumo Expandido - Graduação,PRODUÇÃO DE LEITE DE VACAS LEITEIRAS ALIMENTADAS COM FARELO DE PALMA FORRAGEIRA EM SUBSTITUIÇÃO AO MILHO GRÃO
Resumo Expandido - Graduação,USO DA FERRAMENTA 5S PARA DIAGNÓSTICO ORGANIZACIONAL EM CANTEIRO DE OBRA SITUADO EM JANUÁRIA - MG
Resumo Expandido - Graduação,DISPONIBILIDADE DE FORRAGENS DIFERIDAS PARA O PERÍODO DE TRANSIÇÃO ÁGUAS-SECA
Resumo Expandido - Graduação,PRODUTIVIDADE E DIGESTIBILIDADE DA FIBRA EM DETERGENTE NEUTRO DO CAPIM ELEFANTE CV. BRS CAPIAÇU AOS 90 DIAS DE REBROTA
Resumo Expandido - Graduação,UTILIZAÇÃO DE SEMENTES DE MORINGA OLEÍFERA NA SEDIMENTAÇÃO DE ÁGUAS TURVAS
Resumo Expandido - Graduação,IMPORTÂNCIA DO PLANEJAMENTO PEDAGÓGICO ATRAVÉS DO PIBID DURANTE A PANDEMIA DE SARS-COV-2
Resumo Expandido - Graduação,ANÁLISE QUANTITATIVA E ESTRATÉGIA DE ENSINO UTILIZANDO UMA SEMENTOTECA DIDÁTICA
Resumo Expandido - Graduação,GORDURAS TRANS EM ALIMENTOS NA PERCEPÇÃO DOS CONSUMIDORES
Resumo Expandido - Graduação,ANÁLISE DO PERFIL SÓCIO AGRICOLA DOS AGRICULTORES FEIRANTES
Resumo Expandido - Graduação,A FEIRA LIVRE DE JEQUITINHONHA-MG: GERAÇÃO DE RENDA E ABASTECIMENTO LOCAL.
Resumo Expandido - Graduação,EVASÃO DISCENTE NO CURSO DE BACHARELADO EM ENGENHARIA AGRÍCOLA E AMBIENTAL: UMA PROPOSTA DE INTERVENÇÃO NO IFNMG/CAMPUS JANUÁRIA
Resumo Expandido - Graduação,LEVANTAMENTO FITOSSOCIOLÓGICO EM VEGETAÇÃO DE MATA CILAR EM PROCESSO DE RECUPERAÇÃO NO MUNICIPIO DE ARINOS-MINAS GERAIS
Resumo Expandido - Graduação,ANALISE DO POTENCIAL DA CAPTAÇÃO DE ÁGUAS PLUVIAIS NO IFNMG CAMPUS ARINOS
Resumo Expandido - Graduação,ADICÇÃO EM INTERNET E FATORES ASSOCIADOS: UM ESTUDO NO IFNMG – CAMPUS SALINAS
Resumo Expandido - Graduação,MANEJO ADOTADO NA PISCICULTURA NO VALE DO JEQUITINHONHA
Resumo Expandido - Graduação,AVALIAÇÃO DAS CARACTERÍSTICAS PRODUTIVAS DE CULTIVARES DE PALMA FORRAGEIRA
Resumo Expandido - Graduação,EFEITO RIZOGÊNICO DO EXTRATO DE TIRIRICA EM ESTACAS CAULINARES DE JABUTICABEIRA.
Resumo Expandido - Graduação,TEOR DE SÓLIDOS TOTAIS NO LEITE DE VACAS LEITEIRAS ALIMENTADAS COM FARELO DE PALMA FORRAGEIRA EM SUBSTITUIÇÃO AO MILHO GRÃO
Resumo Expandido - Graduação,PAINEL MULTISSENSORIAL ELETRÔNICO
Resumo Expandido - Graduação,"DISSIMILARIDADE FENOTÍPICA EM GENÓTIPOS DE GIRASSOL CULTIVADOS NO NORTE DE MINAS GERAIS, SAFRA 2021/2022"
Resumo Expandido - Graduação,MEDIDAS ADOTADAS PARA ESTABELECER MELHOR BEM ESTAR PARA OS SUÍNOS NAS DEPENDÊNCIAS DA SUINOCULTURA DO INSTITUTO FEDERAL DO NORTE DE MINAS GERAIS – CAMPUS SALINAS
Resumo Expandido - Graduação,ANÁLISE FITOTÉCNICA E ESCALA DE SENESCÊNCIA DO GIRASSOL ORNAMENTAL CULTIVADO SOBRE DIFERENTES SUBSTRATOS E RECIPIENTES
Resumo Expandido - Graduação,ANÁLISE E COMPARAÇÃO DOS ÍNDICES REPRODUTIVOS DA SUINOCULTURA DO INSTITUTO FEDERAL DO NORTE DE MINAS GERAIS – CAMPUS SALINAS COM OUTRAS GRANJAS SUINÍCOLAS NO ANO DE 2021
Resumo Expandido - Graduação,AVALIAÇÃO DA PRODUÇÃO E PESO DE OVOS NO PICO DE POSTURA DAS AVES DO INSTITUTO FEDERAL DO NORTE DE MINAS GERAIS – CAMPUS SALINAS: COMPARAÇÃO COM O MANUAL DA LINHAGEM
Resumo Expandido - Graduação,AVALIAÇÃO DA ADUBAÇÃO FOSFATADA NA CULTURA DA ALFACE VIA APLICAÇÃO DE BIOFERTILIZANTE
Resumo Expandido - Graduação,TEMPO DE ALIMENTAÇÃO DE VACAS LEITEIRAS ALIMENTADAS COM FARELO DE PALMA FORRAGEIRA EM SUBSTITUIÇÃO AO MILHO GRÃO
Resumo Expandido - Graduação,TEMPO DE MASTIGAÇÕES MERÍCICAS DE VACAS LEITEIRAS ALIMENTADAS COM FARELO DE PALMA FORRAGEIRA EM SUBSTITUIÇÃO AO MILHO GRÃO
Resumo Expandido - Graduação,LEVANTAMENTO DA FAUNA FLEBOTOMÍNICA (DÍPTERA: PSYCHODIDAE) EM ÁREA ENDÊMICA DE LEISHMANIOSE NO NORTE DE MINAS GERAIS
Resumo Expandido - Graduação,PRODUTIVIDADE E DIGESTIBILIDADE DA FIBRA EM DETERGENTE NEUTRO DO CAPIM ELEFANTE CV. BRS CAPIAÇU AOS 60 DIAS DE REBROTA
Resumo Expandido - Graduação,DESAFIOS ENFRENTADOS POR PIBIDIANOS DE FÍSICA NO PERÍODO DA PANDEMIA: PERSPECTIVAS DO FUTURO DOCENTE
Resumo Expandido - Graduação,VALOR NUTRICIONAL DO CAPIM ELEFANTE CV. BRS CAPIAÇU AOS 90 DIAS DE REBROTA CULTIVADO EM MIRAV NIA – MG
Resumo Expandido - Graduação,PERFIL EPIDEMIOLÓGICO DOS CASOS DE ESQUISTOSSOMOSE NO ESTADO DE MINAS GERAIS NO PERÍODO DE 2018 A 2021
Resumo Expandido - Graduação,BICICLETA PARA PESSOAS COM CAPACIDADE AUDITIVA REDUZIDA
Resumo Expandido - Graduação,AVALIAÇÃO DAS CARACTERÍSTICAS FUNCIONAIS DO DOCE DE LEITE EM PASTA ACRESCIDO DE FARINHA DE BANANA VERDE E DOS IMPACTOS DO PROCESSAMENTO NO TEOR DE AMIDO RESISTENTE NA BANANA VERDE
Resumo Expandido - Graduação,VALOR NUTRICIONAL DO CAPIM ELEFANTE CV. BRS CAPIAÇU AOS 120 DIAS DE REBROTA
Resumo Expandido - Graduação,VALOR NUTRICIONAL DO CAPIM ELEFANTE CV. BRS CAPIAÇU AOS 60 DIAS DE REBROTA
Resumo Expandido - Graduação,PERCEPÇÃO DOS AGRICULTORES FEIRANTES QUE COMERCIALIZAM NO MERCADO MUNICIPAL DE JEQUITINHONHA QUANTO AO USO DE AGROTÓXICOS
Resumo Expandido - Graduação,AS CONTRIBUIÇÕES DO BILINGUISMO E A ATUÇÃO DO PROFESSOR INTÉRPRETE DE LIBRAS NO ENSINO FUNDAMENTAL DE UMA ESCOLA DA REDE ESTADUAL
Resumo Expandido - Graduação,AVALIAÇÃO DO TRATAMENTO DO LODO DA ETE DE UMA INDÚSTRIA FARMACÊUTICA VIA BIODIGESTÃO ANAERÓBIA
Resumo Expandido - Graduação,AUTOMATIZAÇÃO DO PROCESSO DE ANÁLISE DE COR E PH PARA TOMADA DE DECISÃO NO PROCESSO DE TRATAMENTO DA ÁGUA BRUTA.
Resumo Expandido - Graduação,IDENTIFICAÇÃO DE BARREIRAS E DESAFIOS DA TRANSFORMAÇÃO DIGITAL EM EMPRESAS NA CIDADE DE ARAÇUAÍ DURANTE A PANDEMIA DE COVID-19
Resumo Expandido - Graduação,OCORRÊNCIA DE HEMOPARASITOS EM BOVINOS LEITEIROS DO SETOR DE ZOOTECNIA III DO IFNMG – CAMPUS SALINAS
Resumo Expandido - Graduação,OLIMPÍADAS DE CIÊNCIAS: GAME-OVER PARA A DIFICULDADE DE APRENDIZADO DURANTE O ENSINO REMOTO
Resumo Expandido - Graduação,"ASPECTOS EPIDEMIOLÓGICOS DAS LEISHMANIOSES VISCERAL E TEGUMENTAR AMERICANA NO MUNICÍPIO DE TAIOBEIRAS, MINAS GERAIS"
Resumo Expandido - Graduação,"OVOS DE HELMINTOS POR GRAMA DE FEZES DE OVINOS DA REGIÃO DO BANANAL, MUNICÍPIO DE SALINAS, MINAS GERAIS"
Resumo Expandido - Graduação,ANÁLISE DA PRODUÇÃO DA CACHAÇA EM ARAÇUAÍ NO MÉDIO VALE DO JEQUITINHONHA
Resumo Expandido - Graduação,PRODUÇÃO DE RAPADURA NO VALE DO JEQUITINHONHA: ESTUDO DE CASO SOBRE UMA PROPRIEDADE FAMILIAR
Resumo Expandido - Graduação,BONÉ SENSORIAL PARA DEFICIENTES VISUAIS
Resumo Expandido - Graduação,PRESENÇA DE ENDOPARASITOS EM PEIXES COMERCIALIZADOS NO MERCADO MUNICIPAL DE SALINAS-MINAS GERAIS: UMA QUESTÃO DE SAÚDE PÚBLICA
Resumo Expandido - Graduação,ANÁLISE EPIDEMIOLÓGICA DA FEBRE MACULOSA BRASILEIRA NO ESTADO DE MINAS GERAIS
Resumo Expandido - Graduação,MODELAGEM DE MÓDULOS FOTOVOLTAICOS INSTALADOS NO IFNMG – CAMPUS MONTES CLAROS
Resumo Expandido - Graduação,"ANÁLISE FÍSICO-QUÍMICA EM MEL, APIS MELLIFERA L, DE PEQUENOS APICULTORES NA CIDADE DE ALMENARA - MG"
Resumo Expandido - Graduação,PRODUTIVIDADE DO CAPIM ELEFANTE CV. BRS CAPIAÇU AOS 60 DIAS DE REBROTA
Resumo Expandido - Graduação,AVALIAÇÃO DE PARÂMETROS FÍSICO-QUÍMICOS DE AGUARDENTES DE CANA E DE RAPADURA
Resumo Expandido - Graduação,QUALIDADE DA ÁGUA EM AREAS DE CULTIVO
Resumo Expandido - Graduação,UTILIZAÇÃO DA RAPADURA COMO SUBSTRATO NA PRODUÇÃO DE AGUARDENTE
Resumo Expandido - Graduação,PRODUTIVIDADE DO CAPIM ELEFANTE CV. BRS CAPIAÇU AOS 90 DIAS DE REBROTA
Resumo Expandido - Graduação,ANÁLISE DA PRESENÇA E PERSISTÊNCIA DO SARS-COV-2 EM ÁGUAS DE SUPERFÍCIE E NA ICTIOFAUNA DA BACIA HIDROGRÁFICA DO BAIXO E MÉDIO JEQUITINHONHA-MG
Resumo Expandido - Graduação,AVALIAÇÃO DA VIABILIDADE CELULAR DOS MICRORGANISMOS UTILIZADOS NA PRODUÇÃO DE AGUARDENTE DE RAPADURA
Resumo Expandido - Graduação,A FÍSICA DO MINECRAFT E O USO DE JOGOS ELETRÔNICOS NA EDUCAÇAO
Resumo Expandido - Pós-Graduação,ATIVIDADES EXTENSIONISTAS E SUA CURRICULARIZAÇÃO NO IFNMG-CAMPUS ALMENARA
Resumo Expandido - Pós-Graduação,AVALIAÇÃO DE TRANSPARÊNCIA NO INSTITUTO FEDERAL DO NORTE DE MINAS GERAIS
Resumo Expandido - Pós-Graduação,ÊXITO ESCOLAR E FORMAÇÃO INTEGRAL: UMA ANÁLISE PROPOSICIONAL DE DISCURSO EM UM CÍRCULO DE DIÁLOGO
Resumo Expandido - Pós-Graduação,"MACRÓFITAS AQUÁTICAS COMO BIOINDICADORAS DA POLUIÇÃO DO RIO VERRUGA, SUDOESTE DA BAHIA"
Resumo Expandido - Pós-Graduação,ANÁLISE DAS AÇÕES DO NÚCLEO DE APOIO ÀS PESSOAS COM NECESSIDADES EDUCACIONAIS ESPECÍFICAS (NAPNE) DO INSTITUTO FEDERAL DO NORTE DE MINAS GERAIS NO PERÍODO DE 2016 A 2019
Resumo Expandido - Pós-Graduação,ESTILO DE APRENDIZAGEM DE GERENTES DE UMA INSTITUIÇÃO FINANCEIRA
Resumo Expandido - Pós-Graduação,A TRAJETÓRIA DE ACESSIBILIDADE ÀS TECNOLOGIAS DE INFORMAÇÃO NO ENSINO DE CRIANÇAS E JOVENS NA CIDADE DE MONTES CLAROS – MG
Resumo Expandido - Pós-Graduação,ESTUDO DAS PROPRIEDADES FISICO-QUÍMICAS DE SUPERFÍCIES MODIFICADAS DE TITÂNIO VIA DUPLO ATAQUE ÁCIDO PARA APLICAÇÃO EM IMPLANTES ODONTOLÓGICOS OSTEOINTEGRÁVEIS
Resumo Expandido - Pós-Graduação,SAÚDE MENTAL E EVASÃO ESCOLAR NA EDUCAÇÃO PROFISSIONAL E TECNOLÓGICA: IMPACTOS DO ADOECIMENTO DOS ESTUDANTES DO ENSINO MÉDIO INTEGRADO DO IFNMG CAMPUS SALINAS
Resumo Expandido - Pós-Graduação,TRAUMA NO BRASIL E ANOS POTENCIAIS DE VIDA PERDIDOS EM DECORRÊNCIA DESTE NO SÉCULO XXI
Resumo Expandido - Pós-Graduação,ENFERMAGEM FRENTE AS NECESSIDADES PSICOESPIRITUAIS EM TEMPOS PANDÊMICOS: NAS ENTRELINHAS DA LITERATURA
Resumo Expandido - Pós-Graduação,IMPACTOS DO CONHECIMENTO DA DOENÇA NA ADESÃO TERAPÊUTICA DE PACIENTES HIPERTENSOS
Resumo Expandido - Pós-Graduação,A CONSTRUÇÃO LABIRINTICA DA CIDADE DE IGNÁCIO LOYOLA BRANDÃO
Resumo Expandido - Pós-Graduação,REVISÃO DE LITERATURA SOBRE A RELAÇÃO LAZER E ESCOLA NOS PERÍODICOS LICERE E RBEL
Resumo Expandido - Pós-Graduação,ÁCIDOS GRAXOS ESSENCIAIS DOS CAPINS UROCHLOAVERSUS BUFFELÁRIDUS NO PERÍODO DE OUTONO NO SEMIÁRIDO DO NORTE DE MINAS
Resumo Expandido - Pós-Graduação,AMINOÁCIDO ESSENCIAL L-LISINA DOS CAPINS UROCHLOA E BUFFEL ÁRIDUS EM PASTAGENS NO OUTONO DO SEMIÁRIDO NORTE MINEIRO
Resumo Expandido - Pós-Graduação,EVASÃO E PERMANÊNCIA NA EJA E A EPT
Resumo Expandido - Pós-Graduação,EFEITO DA RAZÃO MOLAR NA REDUÇÃO DOS ÁCIDOS GRAXOS LIVRES UTILIZANDO A CATÁLISE HETEROGÊNEA DO PENTÓXIDO DE NIÓBIO (NB2O5) VISANDO A PRODUÇÃO DE BIODIESEL.
Resumo Expandido - Profissional,EXPERIMENTOTECA DE SOLOS: INTEGRAÇÃO CURRICULAR NO CONTEXTO DO ENSINO REMOTO
Resumo Expandido - Profissional,"ÍNDICE DE EFICIÊNCIA DO USO DA TERRA NO CONSÓRCIO SORGO, FEIJÃO GUANDU E CAPIM MASSAI E PAIAGUÁS NO NORDESTE DE MINAS GERAIS"
Resumo Expandido - Profissional,CLIMO E LITOSSEQUENCIA DE SOLOS NA REBIO MATA ESCURA
Resumo Expandido - Profissional,"INTOXICAÇÃO EM BOVINOS POR INGESTÃO DE SAMAMBAIA (PTERIDIUM AQUILINUM) NA COMUNIDADE DE RUBIM GRANDE, BANDEIRA – MG: UM ESTUDO DE CASO"
Resumo Expandido - Profissional,GÊNERO E SEXUALIDADE: CONTRIBUIÇÕES DE UMA PROPOSTA DE ENSINO NA MODALIDADE REMOTA
Resumo Expandido - Profissional,ESCOLA LIBERTADORA: EXERCÍCIOS DE CRÍTICA E CRIAÇÃO EM UMA EXPERIÊNCIA DE PESQUISA-AÇÃO
Resumo Expandido - Profissional,ADESÃO DA HIGIENIZAÇÃO DAS MÃOS ENTRE OS PROFISSIONAIS DA ASSISTÊNCIA A SAÚDE
Resumo Expandido - Profissional,"O DIREITO À EDUCAÇÃO COMO PRINCÍPIO EMANCIPADOR E DE RESISTÊNCIAS DAS POPULAÇÕES QUILOMBOLAS BRASILEIRAS: UM ESTUDO DO ESTADO DO CONHECIMENTO DE TESES EM EDUCAÇÃO ESCOLAR QUILOMBOLA, NO BRASIL, NO PERÍODO DE 2012 A 2019."
Resumo Expandido - Profissional,MANEJO DA BRACHIARIA DECUMBENS CV. BASILISK NO NORTE DE MINAS GERAIS
Resumo Expandido - Profissional,JUVENTUDE E LAZER: UM LEVANTAMENTO DAS DEMANDAS DOS JOVENS EM BAIRROS SELECIONADOS DE MONTES CLAROS/MG
Resumo Expandido - Profissional,O PERFIL EMPREENDEDOR DE MULHERES QUE CONDUZEM SEU PRÓPRIO NEGÓCIO NA CIDADE DE JANAÚBA/MG
Resumo Expandido - Profissional,SABERES TRADICIONAIS NA UNIVERSIDADE: A NOÇÃO DE REDE SOCIOTÉCNICA COMO MODO DE PRODUÇÃO DE CONHECIMENTO
Resumo Expandido - Profissional,PATRIMÔNIO CULTURAL DO VALE DO JEQUITINHONHA: INVENTÁRIO DO MUSEU DE ARAÇUAÍ
Resumo Expandido - Profissional,ADICÇÃO EM INTERNET E FATORES ASSOCIADOS: UMA ANÁLISE NO IFNMG CAMPUS DE JANUÁRIA
Ciências Agrárias (Produção Vegetal),"ÍNDICE DE EFICIÊNCIA DO USO DA TERRA NO CONSÓRCIO SORGO, FEIJÃO GUANDU E CAPIM MASSAI E PAIAGUÁS NO NORDESTE DE MINAS GERAIS"
Ciências Agrárias (Produção Vegetal),"PRODUTIVIDADE DO SORGO FORRAGEIRO, FEIJÃO-GUANDU E CAPIM PAIAGUÁS EM CULTIVO SOLTEIRO E CONSORCIADO"
Ciências Agrárias (Produção Vegetal),PADRONIZAÇÃO DA TEMPERATURA DO TESTE DE GERMINAÇÃO PARA SEMENTES CEIBA SPECIOSA ST. HIL AO LONGO DO ARMAZENAMENTO
Ciências Agrárias (Produção Vegetal),AVALIAÇÃO DO DESENVOLVIMENTO PÓS-PLANTIO DE ESPÉCIES NATIVAS DO BRASIL EM ÁREA URBANA DE ALMENARA- MG
Ciências Agrárias (Produção Vegetal),AVALIAÇÃO DE FORRAGEIRAS TROPICAIS DIFERIDAS COMO ESTRATÉGIA DE MANEJO DE PASTAGENS NO PERÍODO DE TRANSIÇÃO ÁGUAS-SECA
Ciências Agrárias (Produção Vegetal),PRODUTIVIDADE DO SORGO EM CONSÓRCIO COM GUANDU E CAPIM MASSAI
Ciências Agrárias (Produção Vegetal),LEVANTAMENTO FLORÍSTICO DA TRILHA AGROECOLÓGICA DO IFNMG - CAMPUS ARAÇUAÍ
Ciências Agrárias (Produção Vegetal),"NÚMERO DE VAGENS DE FEIJÃO-CAUPI (VIGNA UNGUICULATA), SUBCLASSE CORES, EM JANUÁRIA, NORTE DE MINAS GERAIS"
Ciências Agrárias (Produção Vegetal),QUATRO DÉCADAS DE ARMAZENAMENTO ESTÁTICO DAS MAIORES REGIÕES PRODUTORAS DE GRÃOS NO BRASIL
Ciências Agrárias (Produção Vegetal),PÁPRICA COMO AGENTE ATENUANTE DO ESTRESSE SALINO NA GERMINAÇÃO DE SEMENTES DE ALFACE
Ciências Agrárias (Produção Vegetal),CARACTERIZAÇÃO DE QUATRO GENÓTIPOS DE FEIJÃO FAVA
Ciências Agrárias (Produção Vegetal),MANEJO DA BRACHIARIA DECUMBENS CV. BASILISK NO NORTE DE MINAS GERAIS
Ciências Agrárias (Produção Vegetal),GERMINAÇÃO E CRESCIMENTO DE PLÂNTULA DA CULTIVAR DE MILHO BRS 3046
Ciências Agrárias (Produção Vegetal),TOXICIDADE DO 3-CARENO SOBRE ADULTOS DE SITOPHILUS ZEAMAIS PRESENTES EM GRÃOS DE MILHO
Ciências Agrárias (Produção Vegetal),CÚRCUMA (CURCUMA LONGA L.): BIOESTIMULANTE EM SEMENTES DE ALFACE
Ciências Agrárias (Produção Vegetal),TOXICIDADE DO ÓLEO DE SCHINUS TEREBINTHIFOLIUS RADDI E 3-CARENO NO SITOPHILUS ZEAMAIS MOTSCHULSKY EM GRÃOS DE MILHO
Ciências Agrárias (Produção Vegetal),MORFOLOGIA DE CULTIRVARES COMERCIAIS DE FEIJÃO-CAUPI CULTIVADO NO NORTE DE MINAS GERAIS - SAFRA 2021
Ciências Agrárias (Produção Vegetal),COMPRIMENTO E NÚMERO DE VAGENS DE CULTIVARES COMERCIAIS DE FEIJÃO-CAUPI CULTIVADOS NO NORTE DE MINAS GERAIS – SAFRA 2021
Ciências Agrárias (Produção Vegetal),"COMPRIMENTO DE VAGENS E NÚMEROS DE GRÃOS DO FEIJÃO MUNGO VERDE ( VIGNA RADIATA - FABACEAE), EM DIFERENTES DENSIDADES DE PLANTAS"
Ciências Agrárias (Produção Vegetal),QUALIDADE MICROBIOLÓGICA DA ÁGUA UTILIZADA PARA IRRIGAÇÃO DE HORTALIÇAS PRODUZIDAS E COMERCIALIZADAS EM UMA COMUNIDADE RURAL DO MUNICÍPIO DE JANUÁRIA-MG
Ciências Agrárias (Produção Vegetal),ALFACE E RABANETE EM CONSÓRCIO SOB ADUBAÇÃO ORGÂNICA
Ciências Agrárias (Produção Vegetal),CARACTERIZAÇÃO E EXTRAÇÃO DE PECTINA DA CASCA DE PALMA FORRAGEIRA (OPUNTIA FÍCUS-INDICA) E ELABORAÇÃO DE GELEIA DE MARACUJÁ (PASSIFLORA EDULIS SIMS)
Ciências Agrárias (Produção Vegetal),"AVALIAÇÃO MICROBIOLÓGICA DAS CONDIÇÕES DE HIGIENE E SANITIZAÇÃO DOS TALHERES, PRATOS E BANDEJAS UTILIZADOS NO REFEITÓRIO DO INSTITUTO FEDERAL DO NORTE DE MINAS-CAMPUS SALINAS"
Ciências Agrárias (Produção Vegetal),"REVESTIMENTO COMESTÍVEL À BASE AMIDO DE MANDIOCA E FARELO DA CASCA DE MARACUJÁ DO CAMPO, ENRIQUECIDO COM ÓLEO ESSENCIAL DE CRAVO-DA-ÍNDIA (SYZYGIUM AROMATICUM), NA CONSERVAÇÃO DA GOIABA (PSIDIUM GUAJAVA)."
Ciências Agrárias (Produção Vegetal),AVALIAÇÃO DOS EFEITOS DO CONGELAMENTO RÁPIDO E LENTO EM BATATAS E CENOURAS BRANQUEADAS
Ciências Agrárias (Produção Vegetal),ÍNDICES DE VEGETAÇÃO COMO INDICADORES ESPECTRAIS DE COBERTURA VEGETAL PARA MONITORAMENTO DE PROJETOS DE RESTAURAÇÃO ECOLÓGICA
Ciências Agrárias (Produção Vegetal),ATRIBUTOS FUNCIONAIS DE ESPÉCIES: CRITÉRIOS PARA SELEÇÃO NA SEMEADURA DIRETA EM RESTAURAÇÃO ECOLÓGICA
Ciências Agrárias (Produção Vegetal),A CULTURA DA SOJA NO MARANHÃO: DESAFIOS E POSSIBILIDADES PARA OS PRODUTORES
Ciências Agrárias (Produção Vegetal),DETERMINAÇÃO DO PERÍODO DE PERMANÊNCIA EM VIVEIRO DE MUDAS DE ALBIZIA LEBBECK (L.) BENTH. PRODUZIDAS EM DIFERENTES VOLUMETRIAS DE TUBETES
Ciências Agrárias (Produção Vegetal),IDADE ÓTIMA PARA EXPEDIÇÃO DE MUDAS DE PELTOPHORUM DUBIUM (SPRENGEL) TAUBERT E PLATHYMENIA RETICULATA BENTH. EM FUNÇÃO DA VOLUMETRIA DO RECIPIENTE
Ciências Agrárias (Produção Vegetal),DIFERENTES NÍVEIS DE SALINIDADE NA GERMINAÇÃO DE SEMENTES DE DALBERGIA MISCOLOBIUM BENTH.
Ciências Agrárias (Produção Vegetal),PRODUTIVIDADE DO AÇAFRÃO (CURCUMA LONGA .L) COM DIFERENTES MASSAS DE RIZOMAS
Ciências Agrárias (Produção Vegetal),AVALIAÇÃO DO CRESCIMENTO VEGETATIVO DA PALMA FORRAGEIRA CULTIVAR MIÚDA EM FUNÇÃO DA ADUBAÇÃO
Ciências Agrárias (Produção Vegetal),AVALIAÇÃO DA GERMINAÇÃO DE SEMENTES DE GIRASSOL VARIEDADE BRS 323 SUBMETIDAS A DIFERENTES POTENCIAIS OSMÓTICOS DE SOLUÇÃO DE CLORETO DE SÓDIO
Ciências Agrárias (Produção Vegetal),PRODUÇÃO DE COUVE MANTEIGA EM RESPOSTA A APLICAÇÃO DE ESTERCO BOVINO
Ciências Agrárias (Produção Vegetal),DESEMPENHO AGRONÔMICO DO MILHO CONSORCIADO COM CAPIM TAMANI
Ciências Agrárias (Produção Vegetal),UNIDADE DE REFERÊNCIA TECNOLÓGICA: INTEGRAÇÃO DE SORGO E CAPIM PAIAGUÁS
Ciências Agrárias (Produção Vegetal),CÚRCUMA APLICADA EM SEMENTES DE ALFACE: ATENUADOR DO ESTRESSE SALINO NA GERMINAÇÃO
Ciências Agrárias (Produção Vegetal),PLÂNTULAS DE ALFACE SOB DOSES DE CÚRCUMA E ESTRESSE SALINO
Ciências Agrárias (Produção Vegetal),DETERMINAÇÃO DE FÓSFORO EM VARIEDADES DE CANA-DE-AÇÚCAR PARA AS CONDIÇÕES DE CLIMA E SOLO DE DIAMANTINA – MG.
Ciências Agrárias (Produção Vegetal),ACÚMULO DE MAGNÉSIO EM CINCO VARIEDADES DE CANA-DE-AÇÚCAR (SACCHARUM SPP.) NA REGIÃO DE DIAMANTINA – MG.
Ciências Agrárias (Produção Vegetal),"DISPONIBILIDADE DE POTÁSSIO EM CULTIVARES DE CANA-DE-AÇÚCAR NO CICLO FINAL DA CANA-SOCA, PRODUZIDAS EM DIAMANTINA – MG."
Ciências Agrárias (Produção Vegetal),INDICE DE CRESCIMENTO SEMANAL DE BRASSICA NAPUS EM REGIÕES PRODUTORAS NO MUNDO
Ciências Agrárias (Produção Vegetal),PRODUÇÃO DE BEBIDA FERMENTADA A PARTIR DE SEMENTES DE SORGO VASSOURA (SORGHUM BICOLOR L. MOENCH)
Ciências Agrárias (Produção Vegetal),DENSIDADE NA BANDEJA E DOSES DE ADUBO DE LIBERAÇÃO LENTA SOBRE A PRODUÇÃO DE MUDAS DE CANAFÍSTULA
Ciências Agrárias (Produção Vegetal),COMPOSIÇÃO MINERAL DOS CAPINS UROCHLOA E BUFFEL ÁRIDUS NO PERÍODO DE OUTONO NA REGIÃO DO SEMIÁRIDO NORTE MINEIRO
Ciências Agrárias (Produção Vegetal),ESTIMATIVA DO CONSUMO E DA PRODUÇÃO DE LEITE DE BOVINOS EM PASTAGENS DE UROCHLOA VERSUS BUFFEL ÁRIDUS NO PERÍODO DE OUTONO NO SEMIÁRIDO NORTE MINEIRO.
Ciências Agrárias (Produção Vegetal),PRODUTIVIDADE E DIGESTIBILIDADE DA FIBRA EM DETERGENTE NEUTRO DO CAPIM ELEFANTE CV. BRS CAPIAÇU AOS 90 DIAS DE REBROTA
Ciências Agrárias (Produção Vegetal),UTILIZAÇÃO DE SEMENTES DE MORINGA OLEÍFERA NA SEDIMENTAÇÃO DE ÁGUAS TURVAS
Ciências Agrárias (Produção Vegetal),CARACTERÍSTICAS MORFOLÓGICAS E PRODUTIVAS DA PALMA FORRAGEIRA
Ciências Agrárias (Produção Vegetal),A FEIRA LIVRE DE JEQUITINHONHA-MG: GERAÇÃO DE RENDA E ABASTECIMENTO LOCAL.
Ciências Agrárias (Produção Vegetal),LEVANTAMENTO FITOSSOCIOLÓGICO EM VEGETAÇÃO DE MATA CILAR EM PROCESSO DE RECUPERAÇÃO NO MUNICIPIO DE ARINOS-MINAS GERAIS
Ciências Agrárias (Produção Vegetal),ANALISE DO POTENCIAL DA CAPTAÇÃO DE ÁGUAS PLUVIAIS NO IFNMG CAMPUS ARINOS
Ciências Agrárias (Produção Vegetal),AVALIAÇÃO DAS CARACTERÍSTICAS PRODUTIVAS DE CULTIVARES DE PALMA FORRAGEIRA
Ciências Agrárias (Produção Vegetal),EFEITO RIZOGÊNICO DO EXTRATO DE TIRIRICA EM ESTACAS CAULINARES DE JABUTICABEIRA.
Ciências Agrárias (Produção Vegetal),"DISSIMILARIDADE FENOTÍPICA EM GENÓTIPOS DE GIRASSOL CULTIVADOS NO NORTE DE MINAS GERAIS, SAFRA 2021/2022"
Ciências Agrárias (Produção Vegetal),ANÁLISE FITOTÉCNICA E ESCALA DE SENESCÊNCIA DO GIRASSOL ORNAMENTAL CULTIVADO SOBRE DIFERENTES SUBSTRATOS E RECIPIENTES
Ciências Agrárias (Produção Vegetal),AVALIAÇÃO DA ADUBAÇÃO FOSFATADA NA CULTURA DA ALFACE VIA APLICAÇÃO DE BIOFERTILIZANTE
Ciências Agrárias (Produção Vegetal),"CORRELAÇÃO DE CARACTERÍSTICAS AGRONÔMICAS DE GENÓTIPOS DE GIRASSOL CULTIVADOS EM JANUÁRIA-MG, SAFRA 2021/2022"
Ciências Agrárias (Produção Vegetal),AVALIAÇÃO DAS CARACTERÍSTICAS FUNCIONAIS DO DOCE DE LEITE EM PASTA ACRESCIDO DE FARINHA DE BANANA VERDE E DOS IMPACTOS DO PROCESSAMENTO NO TEOR DE AMIDO RESISTENTE NA BANANA VERDE
Ciências Agrárias (Produção Vegetal),ANÁLISE DA PRODUÇÃO DA CACHAÇA EM ARAÇUAÍ NO MÉDIO VALE DO JEQUITINHONHA
Ciências Agrárias (Produção Vegetal),PRODUÇÃO DE RAPADURA NO VALE DO JEQUITINHONHA: ESTUDO DE CASO SOBRE UMA PROPRIEDADE FAMILIAR
Ciências Agrárias (Produção Vegetal),PRODUTIVIDADE DO CAPIM ELEFANTE CV. BRS CAPIAÇU AOS 60 DIAS DE REBROTA
Ciências Agrárias (Produção Vegetal),AVALIAÇÃO DE PARÂMETROS FÍSICO-QUÍMICOS DE AGUARDENTES DE CANA E DE RAPADURA
Ciências Agrárias (Produção Vegetal),UTILIZAÇÃO DA RAPADURA COMO SUBSTRATO NA PRODUÇÃO DE AGUARDENTE
Ciências Agrárias (Produção Vegetal),PRODUTIVIDADE DO CAPIM ELEFANTE CV. BRS CAPIAÇU AOS 90 DIAS DE REBROTA
Ciências Agrárias (Produção Vegetal),AVALIAÇÃO DA VIABILIDADE CELULAR DOS MICRORGANISMOS UTILIZADOS NA PRODUÇÃO DE AGUARDENTE DE RAPADURA
Ciências Agrárias (Produção Animal),"INTOXICAÇÃO EM BOVINOS POR INGESTÃO DE SAMAMBAIA (PTERIDIUM AQUILINUM) NA COMUNIDADE DE RUBIM GRANDE, BANDEIRA – MG: UM ESTUDO DE CASO"
Ciências Agrárias (Produção Animal),AÇÃO ANTI-HELMÍNTICA DA FOLHA DE BANANA MARMELO NO CONTROLE DE HAEMONCHUS SPP. EM OVINOS DA RAÇA SANTA INÊS
Ciências Agrárias (Produção Animal),"CARACTERIZAÇÃO DO PERFIL DOS CONSUMIDORES DE CARNE CAPRINA NO MUNICÍPIO DE UBERLÂNDIA, MINAS GERAIS"
Ciências Agrárias (Produção Animal),"CARACTERIZAÇÃO DO PERFIL DOS CONSUMIDORES DE CARNE OVINA NO MUNICÍPIO DE UBERLÂNDIA, MINAS GERAIS"
Ciências Agrárias (Produção Animal),ESCRITURAÇÃO ZOOTÉCNICA EM APIÁRIOS DO VALE DO JEQUITINHONHA E MUCURI
Ciências Agrárias (Produção Animal),APICULTURA 4.0 NA VISÃO DOS APICULTORES DO VALE DO JEQUITINHONHA E MUCURI
Ciências Agrárias (Produção Animal),DESEMPENHO DE SUÍNOS NAS FASES DE CRESCIMENTO E TERMINAÇÃO SUBMETIDOS À ALIMENTAÇÃO COM RAÇÃO SECA E ÚMIDA
Ciências Agrárias (Produção Animal),DIAGNÓSTICO DE INDICADORES HIGIÊNICO-SANITÁRIOS NA PRODUÇÃO DE QUEIJO COZIDO EM SALINAS-MG
Ciências Agrárias (Produção Animal),CASTRAÇÃO COMO AUXÍLIO NO CONTROLE POPULACIONAL DE CÃES E GATOS NO MUNICÍPIO DE SALINAS - MG
Ciências Agrárias (Produção Animal),APICULTURA ORGÂNICA NO VALE DO JEQUITINHONHA E MUCURI
Ciências Agrárias (Produção Animal),NUTRIENTES DIGESTÍVEIS TOTAIS DOS CAPINS UROCHLOA VERSUS BUFFEL ÁRIDUS E ESTIMATIVA DE GANHO DE PESO DE BOVINOS NO PERÍODO DE OUTONO NO SEMIÁRIDO DO NORTE MINEIRO
Ciências Agrárias (Produção Animal),COMPOSIÇÃO PROTEICA DOS CAPINS UROCHLOA E BUFFEL ÁRIDUS NO PERÍODO DE OUTONO NA REGIÃO DO SEMIÁRIDO NORTE MINEIRO
Ciências Agrárias (Produção Animal),NÚMERO DE MASTIGAÇÕES MERÍCICAS DE VACAS LEITEIRAS ALIMENTADAS COM FARELO DE PALMA FORRAGEIRA EM SUBSTITUIÇÃO AO MILHO GRÃO
Ciências Agrárias (Produção Animal),AVALIAÇÃO DA EFICÁCIA DE OVINOS TRATADOS COM MONEPANTEL NA REGIÃO METROPOLITANA DE UMUARAMA - PARANÁ
Ciências Agrárias (Produção Animal),“EFICIÊNCIA IN VITRO DE TRÊS DILUIDORES PARA A CRIOPRESERVAÇÃO DO SÊMEN DE COELHOS (ORYCTOLAGUS CUNICULUS)”
Ciências Agrárias (Produção Animal),A BAIXA ROTATIVIDADE ENTRE OS PRINCÍPIOS ATIVOS DISPONÍVEIS EM DIFERENTES MARCAS COMERCIAIS DE ANTI-HELMÍNTICOS PARA USO EM RUMINANTES
Ciências Agrárias (Produção Animal),DESEMPENHO DE LEITÕES CONSIDERADOS DE BAIXA VIABILIDADE E SEU IMPACTO DENTRO DO SISTEMA DE PRODUÇÃO DE SUÍNOS
Ciências Agrárias (Produção Animal),INDUÇÃO E SINCRONIZAÇÃO DO ESTRO DE FÊMEAS SUÍNAS ATRAVÉS DE GONADOTROFINAS E SUA VIABILIDADE ECONÔMICA EM GRANJA COMERCIAL
Ciências Agrárias (Produção Animal),PRODUTIVIDADE DO CAPIM ELEFANTE CV. BRS CAPIAÇU AOS 120 DIAS DE REBROTA
Ciências Agrárias (Produção Animal),ÁCIDOS GRAXOS ESSENCIAIS DOS CAPINS UROCHLOAVERSUS BUFFELÁRIDUS NO PERÍODO DE OUTONO NO SEMIÁRIDO DO NORTE DE MINAS
Ciências Agrárias (Produção Animal),AMINOÁCIDO ESSENCIAL L-LISINA DOS CAPINS UROCHLOA E BUFFEL ÁRIDUS EM PASTAGENS NO OUTONO DO SEMIÁRIDO NORTE MINEIRO
Ciências Agrárias (Produção Animal),DESAFIOS NA ATIVIDADE APÍCOLA NO VALE DO JEQUITINHONHA E MUCURI
Ciências Agrárias (Produção Animal),GANHO DE PESO DE NOVILHAS NELORE SUPERPRECOCES SUPLEMENTADAS A PASTO NO MÊS DE JULHO
Ciências Agrárias (Produção Animal),PRODUÇÃO DE LEITE DE VACAS LEITEIRAS ALIMENTADAS COM FARELO DE PALMA FORRAGEIRA EM SUBSTITUIÇÃO AO MILHO GRÃO
Ciências Agrárias (Produção Animal),DISPONIBILIDADE DE FORRAGENS DIFERIDAS PARA O PERÍODO DE TRANSIÇÃO ÁGUAS-SECA
Ciências Agrárias (Produção Animal),MANEJO ADOTADO NA PISCICULTURA NO VALE DO JEQUITINHONHA
Ciências Agrárias (Produção Animal),TEOR DE SÓLIDOS TOTAIS NO LEITE DE VACAS LEITEIRAS ALIMENTADAS COM FARELO DE PALMA FORRAGEIRA EM SUBSTITUIÇÃO AO MILHO GRÃO
Ciências Agrárias (Produção Animal),MEDIDAS ADOTADAS PARA ESTABELECER MELHOR BEM ESTAR PARA OS SUÍNOS NAS DEPENDÊNCIAS DA SUINOCULTURA DO INSTITUTO FEDERAL DO NORTE DE MINAS GERAIS – CAMPUS SALINAS
Ciências Agrárias (Produção Animal),ANÁLISE E COMPARAÇÃO DOS ÍNDICES REPRODUTIVOS DA SUINOCULTURA DO INSTITUTO FEDERAL DO NORTE DE MINAS GERAIS – CAMPUS SALINAS COM OUTRAS GRANJAS SUINÍCOLAS NO ANO DE 2021
Ciências Agrárias (Produção Animal),AVALIAÇÃO DA PRODUÇÃO E PESO DE OVOS NO PICO DE POSTURA DAS AVES DO INSTITUTO FEDERAL DO NORTE DE MINAS GERAIS – CAMPUS SALINAS: COMPARAÇÃO COM O MANUAL DA LINHAGEM
Ciências Agrárias (Produção Animal),TEMPO DE ALIMENTAÇÃO DE VACAS LEITEIRAS ALIMENTADAS COM FARELO DE PALMA FORRAGEIRA EM SUBSTITUIÇÃO AO MILHO GRÃO
Ciências Agrárias (Produção Animal),TEMPO DE MASTIGAÇÕES MERÍCICAS DE VACAS LEITEIRAS ALIMENTADAS COM FARELO DE PALMA FORRAGEIRA EM SUBSTITUIÇÃO AO MILHO GRÃO
Ciências Agrárias (Produção Animal),PRODUTIVIDADE E DIGESTIBILIDADE DA FIBRA EM DETERGENTE NEUTRO DO CAPIM ELEFANTE CV. BRS CAPIAÇU AOS 60 DIAS DE REBROTA
Ciências Agrárias (Produção Animal),VALOR NUTRICIONAL DO CAPIM ELEFANTE CV. BRS CAPIAÇU AOS 90 DIAS DE REBROTA CULTIVADO EM MIRAV NIA – MG
Ciências Agrárias (Produção Animal),VALOR NUTRICIONAL DO CAPIM ELEFANTE CV. BRS CAPIAÇU AOS 120 DIAS DE REBROTA
Ciências Agrárias (Produção Animal),VALOR NUTRICIONAL DO CAPIM ELEFANTE CV. BRS CAPIAÇU AOS 60 DIAS DE REBROTA
Ciências Agrárias (Produção Animal),OCORRÊNCIA DE HEMOPARASITOS EM BOVINOS LEITEIROS DO SETOR DE ZOOTECNIA III DO IFNMG – CAMPUS SALINAS
Ciências Agrárias (Produção Animal),"OVOS DE HELMINTOS POR GRAMA DE FEZES DE OVINOS DA REGIÃO DO BANANAL, MUNICÍPIO DE SALINAS, MINAS GERAIS"
Ciências Biológicas,"MACRÓFITAS AQUÁTICAS COMO BIOINDICADORAS DA POLUIÇÃO DO RIO VERRUGA, SUDOESTE DA BAHIA"
Ciências Biológicas,"RIQUEZA, ABUNDÂNCIA E COMPORTAMENTO TEMPORAL DOS VISITANTES FLORAIS DE CALLIANDRA ASPLENIOIDES (NEES) RENVOIZE (FABACEAE – MIMOSOIDAE)"
Ciências Biológicas,OS FATORES ABIÓTICOS E A ESTRUTURA DAS PLÂNTULAS DE ANADENANTHERA PEREGRINA (FABACEAE) EXPLICAM A CONCENTRAÇÃO DE AÇÚCAR DOS NECTÁRIOS EXTRAFLORAIS?
Ciências Biológicas,BOLSISTAS PIBID E AS INTERVENÇÕES PEDAGÓGICAS ATRAVÉS DAS AULAS REMOTAS
Ciências Biológicas,PROJETO EDUCAÇÃO AMBIENTAL: ANÁLISE DA QUALIDADE DA ÁGUA - ASPECTOS FÍSICOS-QUÍMICOS NO IFNMG CAMPUS SALINAS-MG
Ciências Biológicas,IDENTIFICAÇÃO DOS PRINCIPAIS MICRORGANISMOS EM OTITE EXTERNA CANINA
Ciências Biológicas,"ASPECTOS EPIDEMIOLÓGICOS DAS LEISHMANIOSES VISCERAL E TEGUMENTAR AMERICANA NO MUNICÍPIO DE TAIOBEIRAS, MINAS GERAIS"
Ciências Biológicas,ANÁLISE DA PRESENÇA E PERSISTÊNCIA DO SARS-COV-2 EM ÁGUAS DE SUPERFÍCIE E NA ICTIOFAUNA DA BACIA HIDROGRÁFICA DO BAIXO E MÉDIO JEQUITINHONHA-MG
Ciências da Saúde,SAÚDE MENTAL DOS DISCENTES DO CURSO TÉCNICO EM ENFERMAGEM: ANÁLISE DO PERÍODO PANDÊMICO
Ciências da Saúde,ANÁLISE DAS PUBLICAÇÕES SOBRE SAÚDE MENTAL DOS DISCENTES BRASILEIROS DURANTE A COVID-19: REVISÃO DA LITERATURA
Ciências da Saúde,ADESÃO DA HIGIENIZAÇÃO DAS MÃOS ENTRE OS PROFISSIONAIS DA ASSISTÊNCIA A SAÚDE
Ciências da Saúde,"FATORES SOCIOAMBIENTAIS E SUA CONTRIBUIÇÃO PARA A PREVALÊNCIA DA ESQUISTOSSOMOSE NO DISTRITO DO BREJO DO AMPARO, JANUÁRIA-MG"
Ciências da Saúde,INCIDÊNCIA DE CÂNCER DE MAMA NO MUNICÍPIO DE JANUÁRIA-MG NO PERÍODO DE 2014-2020
Ciências da Saúde,TRAUMA NO BRASIL E ANOS POTENCIAIS DE VIDA PERDIDOS EM DECORRÊNCIA DESTE NO SÉCULO XXI
Ciências da Saúde,ENFERMAGEM FRENTE AS NECESSIDADES PSICOESPIRITUAIS EM TEMPOS PANDÊMICOS: NAS ENTRELINHAS DA LITERATURA
Ciências da Saúde,IMPACTOS DO CONHECIMENTO DA DOENÇA NA ADESÃO TERAPÊUTICA DE PACIENTES HIPERTENSOS
Ciências da Saúde,"ANÁLISE EPIDEMIOLÓGICA DA DOENÇA DE CHAGAS NO MUNICÍPIO DE MONTES CLAROS, MINAS GERAIS"
Ciências da Saúde,GORDURAS TRANS EM ALIMENTOS NA PERCEPÇÃO DOS CONSUMIDORES
Ciências da Saúde,ADICÇÃO EM INTERNET E FATORES ASSOCIADOS: UM ESTUDO NO IFNMG – CAMPUS SALINAS
Ciências da Saúde,LEVANTAMENTO DA FAUNA FLEBOTOMÍNICA (DÍPTERA: PSYCHODIDAE) EM ÁREA ENDÊMICA DE LEISHMANIOSE NO NORTE DE MINAS GERAIS
Ciências da Saúde,PERFIL EPIDEMIOLÓGICO DOS CASOS DE ESQUISTOSSOMOSE NO ESTADO DE MINAS GERAIS NO PERÍODO DE 2018 A 2021
Ciências da Saúde,PRESENÇA DE ENDOPARASITOS EM PEIXES COMERCIALIZADOS NO MERCADO MUNICIPAL DE SALINAS-MINAS GERAIS: UMA QUESTÃO DE SAÚDE PÚBLICA
Ciências da Saúde,ANÁLISE EPIDEMIOLÓGICA DA FEBRE MACULOSA BRASILEIRA NO ESTADO DE MINAS GERAIS
Ciências Exatas,MOVIMENTO TERRAPLANISTA E SUA INFLUÊNCIA NOS ALUNOS DO ENSINO MÉDIO DO IFNMG CAMPUS AVANÇADO JANAÚBA
Ciências Exatas,MAPEANDO TRÊS DÉCADAS DE TRANSFORMAÇÕES NO TERRITÓRIO NORTE MINEIRO USANDO GEOPROCESSAMENTO
Ciências Exatas,"DETERMINAÇÃO DE COBRE E ZINCO EM SUCOS INDUSTRIALIZADOS COMERCIALIZADOS NA CIDADE DE VITÓRIA DA CONQUISTA, BA"
Ciências Exatas,DETERMINAÇÃO E ANÁLISE DA ALCALINIDADE E RELAÇÃO AI/AP EM BIOMASSA NA PRODUÇÃO DE BIOGÁS
Ciências Exatas,CARACTERIZAÇÃO FÍSICO-QUÍMICA DO ÓLEO DE PINHÃO-MANSO (JATROPHA CURCAS) PROVENIENTE DO NORTE DE MINAS GERAIS
Ciências Exatas,PROTOCOLO PARA SÍNTESE DE POLIANILINA PARA DESENVOLVIMETO DE DISPOSITIVOS SEMICONDUTORES ORGÂNICOS
Ciências Exatas,SEGURANÇA DA INFORMAÇÃO: POR QUÊ E COMO IMPLANTÁ-LA?
Ciências Exatas,DESAFIOS ENFRENTADOS POR PIBIDIANOS DE FÍSICA NO PERÍODO DA PANDEMIA: PERSPECTIVAS DO FUTURO DOCENTE
Ciências Exatas,"ANÁLISE FÍSICO-QUÍMICA EM MEL, APIS MELLIFERA L, DE PEQUENOS APICULTORES NA CIDADE DE ALMENARA - MG"
Ciências Exatas,ADICÇÃO EM INTERNET E FATORES ASSOCIADOS: UMA ANÁLISE NO IFNMG CAMPUS DE JANUÁRIA
Ciências Exatas,QUALIDADE DA ÁGUA EM AREAS DE CULTIVO
Ciências Exatas,EFEITO DA RAZÃO MOLAR NA REDUÇÃO DOS ÁCIDOS GRAXOS LIVRES UTILIZANDO A CATÁLISE HETEROGÊNEA DO PENTÓXIDO DE NIÓBIO (NB2O5) VISANDO A PRODUÇÃO DE BIODIESEL.
Ciências Humanas,OS IMPACTOS DA PANDEMIA DE COVID-19 AOS MIGRANTES PEDROSSEGUNDENSES QUE RESIDEM NO ESTADO DE SÃO PAULO
Ciências Humanas,ENSINO TÉCNICO E AS DESIGUALDADES DE GÊNERO: O PAPEL DO ENSINO MÉDIO TÉCNICO NAS DESIGUALDADES DE ACESSO À EDUCAÇÃO SUPERIOR
Ciências Humanas,ESCOLA LIBERTADORA: EXERCÍCIOS DE CRÍTICA E CRIAÇÃO EM UMA EXPERIÊNCIA DE PESQUISA-AÇÃO
Ciências Humanas,MEMÓRIA E HISTÓRIA DE COMUNIDADES TRADICIONAIS DO VALE DO JEQUITINHONHA: ESTUDO SOBRE A COMUNIDADE SÃO MARCOS ARAÇUAÍ-MG
Ciências Humanas,LEVANTAMENTO DAS PRODUÇÕES CIENTÍFICAS SOBRE O MUNDO AGRÁRIO/RURAL NO INSTITUTO FEDERAL DO NORTE DE MINAS GERAIS - IFNMG
Ciências Humanas,JUVENTUDE E LAZER: UM LEVANTAMENTO DAS DEMANDAS DOS JOVENS EM BAIRROS SELECIONADOS DE MONTES CLAROS/MG
Ciências Humanas,TRAJETÓRIAS FEMININAS NOS PROCESSOS MIGRATÓRIOS NO VALE DO JEQUITINHONHA: UM LEVANTAMENTO A PARTIR DAS PESQUISAS SOBRE MIGRAÇÃO.
Ciências Humanas,"POSSEIROS, MEEIROS E ASSENTADOS DA REGIÃO DE BARRA DA VACA: MEMÓRIA, TERRITORIALIDADE E VIOLÊNCIA NOS SERTÕES DO URUCUIA"
Ciências Humanas,A FALTA DE OPORTUNIDADES DE TRABALHO PARA O MENOR APRENDIZ
Ciências Humanas,EXTRAÇÃO DE DADOS DE PRODUÇÃO CIENTÍFICA DOS ANAIS DO SEMINÁRIO DE INICIAÇÃO CIENTÍFICA DO IFNMG (2009 A 2021)
Ciências Humanas,DARCY RIBEIRO E A CULTURA POLÍTICA TRABALHISTA NO GOVERNO JOÃO GOULART (1961-1964)
Ciências Humanas,AS CONTRIBUIÇÕES DO BILINGUISMO E A ATUÇÃO DO PROFESSOR INTÉRPRETE DE LIBRAS NO ENSINO FUNDAMENTAL DE UMA ESCOLA DA REDE ESTADUAL
Ciências Humanas,PATRIMÔNIO CULTURAL DO VALE DO JEQUITINHONHA: INVENTÁRIO DO MUSEU DE ARAÇUAÍ
Ciências Sociais Aplicadas,"CARACTERIZAÇÃO SOCIOECONÔMICA DOS AGRICULTORES FAMILIARES DA COMUNIDADE DOS PEREIRA, MUNICÍPIO DE ÁGUAS FORMOSAS/MG"
Ciências Sociais Aplicadas,PLANEJAMENTO ESTRATÉGICO: ESTUDO DE CASO EM UM MICRO EMPREENDIMENTO INDIVIDUAL (MEI) NA CIDADE DE ÁGUAS FORMOSAS/MG SOB A ÓPTICA DO IMPACTO DA PANDEMIA DE COVID-19
Ciências Sociais Aplicadas,AVALIAÇÃO DE TRANSPARÊNCIA NO INSTITUTO FEDERAL DO NORTE DE MINAS GERAIS
Ciências Sociais Aplicadas,ESTILO DE APRENDIZAGEM DE GERENTES DE UMA INSTITUIÇÃO FINANCEIRA
Ciências Sociais Aplicadas,A APLICAÇÃO DO ENDOMARKETING NA FATEC ZONA LESTE: NA VISÃO DOS DOCENTES DO CURSO DE GESTÃO EMPRESARIAL
Ciências Sociais Aplicadas,O PERFIL EMPREENDEDOR DE MULHERES QUE CONDUZEM SEU PRÓPRIO NEGÓCIO NA CIDADE DE JANAÚBA/MG
Ciências Sociais Aplicadas,UM ESTUDO SOBRE O NÍVEL DE SATISFAÇÃO DE CLIENTES DE UM SUPERMERCADO EM ARAÇUAÍ-MG.
Ciências Sociais Aplicadas,AS MELHORES FERRAMENTAS CONTEMPORÂNEAS A SEREM UTILIZADAS EM GESTÃO DE SERVIÇOS
Ciências Sociais Aplicadas,LEVANTAMENTO E ANÁLISE DOS PROCESSOS DE PRODUÇÃO DA PADARIA DE UM SUPERMERCADO EM ARAÇUAÍ - MG
Ciências Sociais Aplicadas,A BAIXA REPRESENTATIVIDADE DO GÊNERO FEMININO NA CÂMERA LEGISLATIVA DE JANUÁRIA – MG
Ciências Sociais Aplicadas,IDENTIFICAÇÃO DE BARREIRAS E DESAFIOS DA TRANSFORMAÇÃO DIGITAL EM EMPRESAS NA CIDADE DE ARAÇUAÍ DURANTE A PANDEMIA DE COVID-19
Educação e Ensino,EXPERIMENTOTECA DE SOLOS: INTEGRAÇÃO CURRICULAR NO CONTEXTO DO ENSINO REMOTO
Educação e Ensino,ATIVIDADES EXTENSIONISTAS E SUA CURRICULARIZAÇÃO NO IFNMG-CAMPUS ALMENARA
Educação e Ensino,QUÍMICA NO COTIDIANO: COMO AS PESSOAS PERCEBEM A QUÍMICA
Educação e Ensino,GÊNERO E SEXUALIDADE: CONTRIBUIÇÕES DE UMA PROPOSTA DE ENSINO NA MODALIDADE REMOTA
Educação e Ensino,ÊXITO ESCOLAR E FORMAÇÃO INTEGRAL: UMA ANÁLISE PROPOSICIONAL DE DISCURSO EM UM CÍRCULO DE DIÁLOGO
Educação e Ensino,"O DIREITO À EDUCAÇÃO COMO PRINCÍPIO EMANCIPADOR E DE RESISTÊNCIAS DAS POPULAÇÕES QUILOMBOLAS BRASILEIRAS: UM ESTUDO DO ESTADO DO CONHECIMENTO DE TESES EM EDUCAÇÃO ESCOLAR QUILOMBOLA, NO BRASIL, NO PERÍODO DE 2012 A 2019."
Educação e Ensino,ANÁLISE DAS AÇÕES DO NÚCLEO DE APOIO ÀS PESSOAS COM NECESSIDADES EDUCACIONAIS ESPECÍFICAS (NAPNE) DO INSTITUTO FEDERAL DO NORTE DE MINAS GERAIS NO PERÍODO DE 2016 A 2019
Educação e Ensino,ESTRATÉGIAS PARA ADAPTAÇÃO AO ENSINO REMOTO: ASPECTOS RELATIVOS À PRODUTIVIDADE E DESEMPENHO ACADÊMICO NA PANDEMIA
Educação e Ensino,UM RELATO DE EXPERIÊNCIA SOBRE OS ESTUDANTES DO ENSINO FUNDAMENTAL
Educação e Ensino,PANDEMIA DO COVID - 19 E EDUCAÇÃO: OS DESAFIOS ENFRENTADOS PELOS PAIS DURANTE ENSINO REMOTO
Educação e Ensino,A TRAJETÓRIA DE ACESSIBILIDADE ÀS TECNOLOGIAS DE INFORMAÇÃO NO ENSINO DE CRIANÇAS E JOVENS NA CIDADE DE MONTES CLAROS – MG
Educação e Ensino,DIFICULDADES NA APRENDIZAGEM DE GENÉTICA APONTADAS POR ALUNOS DO ENSINO MÉDIO
Educação e Ensino,A IMPORTÂNCIA DO USO DOS PICTOGRAMAS NA INTERVENÇÃO DE ACIDENTES LIGADOS À SAÚDE HUMANA E AO MEIO AMBIENTE
Educação e Ensino,RELATO DE EXPERIÊNCIA: O USO DE MODELOS DIDÁTICOS CONSTRUÍDOS COM MASSINHA DE MODELAR COMO PROPOSTA DE REVISÃO DO CONTEÚDO DE CITOLOGIA
Educação e Ensino,O PERFIL DOS PRÉ-EGRESSOS E DOS EGRESSOS DOS CURSOS TÉCNICOS DO IFNMG CAMPUS AVANÇADO JANAÚBA
Educação e Ensino,SAÚDE MENTAL E EVASÃO ESCOLAR NA EDUCAÇÃO PROFISSIONAL E TECNOLÓGICA: IMPACTOS DO ADOECIMENTO DOS ESTUDANTES DO ENSINO MÉDIO INTEGRADO DO IFNMG CAMPUS SALINAS
Educação e Ensino,EDUCAÇÃO ALIMENTAR NAS ESCOLAS DA REDE ESTADUAL DE ENSINO DA CIDADE DE PEDRAS DE MARIA DA CRUZ-MG
Educação e Ensino,TRILHA INTERATIVA: ESTUDO MORFOLÓGICO DE CAULES E RAÍZES DE ANGIOSPERMAS
Educação e Ensino,REVISÃO DE LITERATURA SOBRE A RELAÇÃO LAZER E ESCOLA NOS PERÍODICOS LICERE E RBEL
Educação e Ensino,IMPLEMEMTAÇÃO DE MÓDULO DIDÁTICO APLICADO AO CONTEÚDO DE ELETRICIDADE BÁSICA E CIRCUITOS ÉLETRICOS PARA ALUNOS DO ENSINO MÉDIO EM ESCOLAS PÚBLICAS
Educação e Ensino,IMPLEMEMTAÇÃO DE MÓDULO DIDÁTICO APLICADO AO CONTEÚDO DE ELETRICIDADE BÁSICA E CIRCUITOS ÉLETRICOS PARA ALUNOS DO ENSINO MÉDIO EM ESCOLAS PÚBLICAS
Educação e Ensino,IMPORTÂNCIA DO PLANEJAMENTO PEDAGÓGICO ATRAVÉS DO PIBID DURANTE A PANDEMIA DE SARS-COV-2
Educação e Ensino,ANÁLISE QUANTITATIVA E ESTRATÉGIA DE ENSINO UTILIZANDO UMA SEMENTOTECA DIDÁTICA
Educação e Ensino,EVASÃO DISCENTE NO CURSO DE BACHARELADO EM ENGENHARIA AGRÍCOLA E AMBIENTAL: UMA PROPOSTA DE INTERVENÇÃO NO IFNMG/CAMPUS JANUÁRIA
Educação e Ensino,EVASÃO DISCENTE NO CURSO DE TÉCNICO EM MEIO AMBIENTE INTEGRADO AO ENSINO MÉDIO: UM ESTUDO DE CASO NO IFNMG/CAMPUS JANUÁRIA
Educação e Ensino,EVASÃO E PERMANÊNCIA NA EJA E A EPT
Educação e Ensino,OLIMPÍADAS DE CIÊNCIAS: GAME-OVER PARA A DIFICULDADE DE APRENDIZADO DURANTE O ENSINO REMOTO
Engenharias,FUNCIONALIZAÇÃO COM GLUTARALDEÍDO DE UM MICROELETRODO DE CARBONO IMPRESSO PARA DETECÇÃO DE PACIENTES COM COVID-19
Engenharias,MÓDULO DIDÁTICO PARA O ENSINO DE CIRCUITOS ELÉTRICOS
Engenharias,ESTUDO DAS PROPRIEDADES FISICO-QUÍMICAS DE SUPERFÍCIES MODIFICADAS DE TITÂNIO VIA DUPLO ATAQUE ÁCIDO PARA APLICAÇÃO EM IMPLANTES ODONTOLÓGICOS OSTEOINTEGRÁVEIS
Engenharias,ANÁLISE DA EFICIÊNCIA ENERGÉTICA DO SISTEMA DE ILUMINAÇÃO NO IFNMG CAMPUS TEÓFILO OTONI
Engenharias,DETECÇÃO E RASTREAMENTO DE FACE UTILIZANDO VISÃO COMPUTACIONAL E ARDUINO
Engenharias,ANÁLISE DA REALIDADE AUMENTADA EM RELAÇÃO AO CONHECIMENTO DA POPULAÇÃO TEÓFILO-OTONENSE
Engenharias,ANÁLISE DA REGULARIZAÇÃO DE IMÓVEIS RESIDENCIAIS URBANOS EM JANUÁRIA - MG
Engenharias,MAXIMIZAÇÃO DA INJEÇÃO DE GERAÇÃO SOLAR FOTOVOLTAICA COM BASE NA OTIMIZAÇÃO DA CONEXÃO DE USINAS EM SISTEMAS INTERLIGADOS ALIMENTADA POR DADOS METEOROLÓGICOS DO NORTE DE MINAS GERAIS
Engenharias,DIAGNÓSTICO E PROPOSTAS DE CORREÇÕES DE TRINCAS DE UMA EDIFICAÇÃO ESCOLAR INSPECIONADA EM JANUÁRIA/MG
Engenharias,A INCLUSÃO DA TECNOLOGIA COMO ALTERNATIVA PARA A DEMOCRATIZAÇÃO DA EDUCAÇÃO
Engenharias,RIO SÃO FRANCISCO: ESTUDO DE CASO DOS IMPACTOS AMBIENTAIS EM PIRAPORA-MG
Engenharias,PRODUÇÃO DE ENZIMAS A PARTIR DE FUNGOS TRICHODERMA SP. ENCONTRADOS NA REGIÃO DO NORTE DE MINAS GERAIS
Engenharias,CARACTERIZAÇÃO FÍSICO-HÍDRICA DO SOLO EM DIFERENTES USOS E COBERTURAS DA TERRA NA BACIA DO RIO DOS COCHOS
Engenharias,USO DA FERRAMENTA 5S PARA DIAGNÓSTICO ORGANIZACIONAL EM CANTEIRO DE OBRA SITUADO EM JANUÁRIA - MG
Engenharias,BICICLETA PARA PESSOAS COM CAPACIDADE AUDITIVA REDUZIDA
Engenharias,AVALIAÇÃO DO TRATAMENTO DO LODO DA ETE DE UMA INDÚSTRIA FARMACÊUTICA VIA BIODIGESTÃO ANAERÓBIA
Engenharias,BONÉ SENSORIAL PARA DEFICIENTES VISUAIS
Engenharias,MODELAGEM DE MÓDULOS FOTOVOLTAICOS INSTALADOS NO IFNMG – CAMPUS MONTES CLAROS
Informática,I-LINE: SISTEMA PARA GESTÃO DE FILAS DE ESPERA EM RESTAURANTES E LANCHONETES
Informática,APLICAÇÃO DE ALGORITMOS GENÉTICOS PARA O PROBLEMA DE ALOCAÇÃO DE HORÁRIOS ESCOLAR DO IFNMG – CAMPUS SALINAS
Informática,USO DE TÉCNICAS DE INTELIGÊNCIA COMPUTACIONAL NA IDENTIFICAÇÃO DA SIGATOKA-AMARELA EM BANANEIRAS
Informática,TREINAMENTO E AVALIAÇÃO DA REDE NEURAL CONVOLUCIONAL YOLO PARA O RECONHECIMENTO AUTOMÁTICO DE PLACAS VEICULARES
Informática,USO DE TECNOLOGIA DA INFORMAÇÃO NA CÁRITAS DIOCESANA DE JANUÁRIA
Informática,MONITOR DE NOTÍCIAS: SISTEMA PARA ANALISAR CONTEÚDOS PUBLICADOS EM SITES DA GRANDE MÍDIA E NA REDE SOCIAL TWITTER NO CONTEXTO BRASILEIRO
Informática,APLICAÇÃO DE SEGURANÇA DA INFORMAÇÃO EM AMBIENTES VIRTUAIS DE APRENDIZAGEM
Informática,APLICATIVOS PARA DOAÇÃO: UM ESTUDO INICIAL
Informática,MINDBOX: UMA PLATAFORMA PARA COMPARTILHAMENTO DE IDEIAS
Informática,SEU LIVRO AQUI: O APLICATIVO QUE FACILITA A PESQUISAS DE LIVROS
Informática,AUTOMATIZAÇÃO DO PROCESSO DE ANÁLISE DE COR E PH PARA TOMADA DE DECISÃO NO PROCESSO DE TRATAMENTO DA ÁGUA BRUTA.
Informática,CARRINHO - UM PROTÓTIPO COMPARADOR DE PREÇOS PARA MERCADOS
Informática,A FÍSICA DO MINECRAFT E O USO DE JOGOS ELETRÔNICOS NA EDUCAÇAO
"Linguística, Letras e Artes",ESTUDO DOS PÁSSAROS EM GRANDE SERTÃO: VEREDAS
"Linguística, Letras e Artes",A CONSTRUÇÃO LABIRINTICA DA CIDADE DE IGNÁCIO LOYOLA BRANDÃO
Multidisciplinar,CLIMO E LITOSSEQUENCIA DE SOLOS NA REBIO MATA ESCURA
Multidisciplinar,ANÁLISE DE DADOS ESPACIAIS NA FISCALIZAÇÃO AMBIENTAL NA MICRORREGIÃO DE DIAMANTINA
Multidisciplinar,FERRAMENTAS TECNOLÓGICAS PARA AUXILIAR O PROCESSO DE ENSINO E APRENDIZAGEM DAS PESSOAS COM DEFICIÊNCIA
Multidisciplinar,O INSTAGRAM COMO FERRAMENTA DE DIVULGAÇÃO CIENTÍFICA DO LABORATÓRIO DE ANÁLISES E COMPORTAMENTO DE INSETOS DO IFNMG - CAMPUS SALINAS
Multidisciplinar,SABERES TRADICIONAIS NA UNIVERSIDADE: A NOÇÃO DE REDE SOCIOTÉCNICA COMO MODO DE PRODUÇÃO DE CONHECIMENTO
Multidisciplinar,ANÁLISE DE RÓTULOS DE PESCADO COMERCIALIZADO EM SUPERMERCADOS DO MUNICÍPIO DE SALINAS-MG
Multidisciplinar,LIMITES DA LIBERDADE DE EXPRESSÃO: USO CONSCIENTE DAS INFORMAÇÕES NAS REDES SOCIAIS
Multidisciplinar,CONSERVAÇÃO DE PEÇAS ANATÔMICAS COM GLICERINA 98% E SEUS ASPECTOS DE TEXTURA E ODOR.
Multidisciplinar,DESENVOLVIMENTO DE UM MODELO DE SOBREVIDA EM PACIENTES COM SRAG POR COVID-19 NO BRASIL
Multidisciplinar,ANÁLISE DO PERFIL SÓCIO AGRICOLA DOS AGRICULTORES FEIRANTES
Multidisciplinar,PAINEL MULTISSENSORIAL ELETRÔNICO
Multidisciplinar,PERCEPÇÃO DOS AGRICULTORES FEIRANTES QUE COMERCIALIZAM NO MERCADO MUNICIPAL DE JEQUITINHONHA QUANTO AO USO DE AGROTÓXICOS
